sales_id,name,prices,item_sold
0,High-end Lenovo Laptop ThinkPad X1 Carbon 2022 Gen 10 14 Inch 2.2K Led Backlit Screen i7-1260P 16GB LPDDR5 5200Win11 Pro 4G LTE ,8195500,6
1,Gaming Laptop 15.6 Inch AMD R3 2200U 32GB RAM 2TB SSD Fingerprint Unlock  DDR4 Windows 11 Blacklit Keypad Portable Notebook ,639134.271304346.61,3
2,2022 Professional Lenovo Gaming Laptop Legion Y9000P With i7-12700H NVIDIA RTX 3070Ti 8GB GPU 16GB Ram Backlit 15.6 Inch 165Hz ,6228580,4
3,VCHANCE 17.3 Inch 1080p 144Hz Gaming Portable Monitor 100%sRGB HDR Extender Screen for Switch Xbox PS5 Laptop Macbook Raspberry ,324246.72,4
4,Gaming Laptop HP OMEN 9 13th Gen Intel Core i5/i7/i9 RTX4060/RTX4070/RTX4080 2.5K Screen 16 Inch Notebook ,9263728.79,2
5,BYONE 11+11 Inch Dual Screen Laptop Intel Core I3 Gaming Laptop Dual Touch Screen Win11 Office Computer Tablet PC Notebook WiFi6 ,970952.171449183.66,
6,Laptop 11.6 Inch Intel Celeron N4020 360° flips HD Camera Touchscreens 6GB DDR4 2TB SSD 4500 mAH 2.8 GHz Lightweight Tablet ,404906.88843562.82,1
7,VCHANCE 17.3 Inch 1080p 300Hz Portable Gaming Monitor 100%sRGB Metal Frame Extender Screen for Switch Xbox PS5 Laptop Macbook ,341135.34741598.57,6
8,YSJMNPC Dual Screen Laptop 10.9+10.95 Inch Touch Screen Notebook Intel i3 1215U N100 WIFI6 2 in 1 Laptop Tablet Computer ,778261.071389743.72,1
9,15.6inch Gaming Laptop Intel Core I7-9750H 64GB RAM 2TB SSD DDR4 Win 11 5000mAH Camera Fingerprint Unlocking Portable Computer ,823926.391753050.23,3
10,HUAWEI MateBook GT 14 Laptop 2024 Ultra 9-185H/Ultra 7-155/Ultra 5-125 Notebook 14.2-inch 2.8K OLED Touchscreen 140W AI 3D ,2634052.984052389.19,
11,"2022 HUAWEI MateBook D15 15.6"" i5-1155G7/i7-1195G7 8GB/16GB 512GB Laptop Intel Iris Xe Graphics Netbook  Eye-protecting Computer ",1391666.92,
12,Cheap 14.1 Inch Mini Laptop PC Notebook ,401235.29,3
13,Brand New A1989 A2159 A2251 A2289 LCD Display For Macbook Pro  Retina 13 Inch 2018-2020 Laptop Screen Assembly Replacement ,227628.14250140.13,23
14,2023 HUAWEI MateBook 16s Laptop i9-13900H/i7-13700H/i5-13500H 16GB/32GB 1TB Netbook 16-inch 2.5K Touchscreen Computer 135W ,1825286.69,4
15,Adreamer Laptop 13.3 Inch Portable Laptops Low Price With Intel CPU 2.5K FHD IPS 8GB 1T SSD  2.5K FHD Display Notebook ,239833.12,121
16,Oushedi ONEXPLAYER 2 Pro AMD R7-7840U PC Game Console Removable Handle 5 in 1 Laptop Tablet 8.4 Inch 2.5K IPS Screen Windows11 ,1584753.53,
17,For xiaomi Portable SSD E61 1TB Hard Disk 2TB USB 3.1 HD External Hard Drive for Laptop Mobile Hard Disks HDD Storage Device ,14653.6414653.64,1
18,Cheap L10 Dual Screen Laptop 15.6 Inch IPS + 7'' Touch Intel Celeron N5095 Max 16G DDR4 2T SSD Slim Office Notebook PC Computer ,540739.09,15
19,2024 HUAWEI MateBook GT 14 Laptop Ultra 9-185H/Ultra 7-155/Ultra 5-125 Notebook 14.2-inch 2.8K OLED Touchscreen 140W Hi GT Cube ,2647539.324727748.78,
20,Xiaomi laptop Xiaomi Pro 15 15.6 Inch 3.5K OLED Screen Notebook AMD Ryzen R5 5600H 16GB 512GB SSD Office Netbook Computer PC ,1102438.85,
21,FIREBAT A16 16 Inch 100%sRGB Ultra Slim DDR4 16G RAM 1TB 1920*1200 Fingerprint Portable Intel N100 N5095 Notebook Laptop ,567524.4,93
22,Notebook CHUWI GemiBook Plus 15.6inch 2K UHD Display Laptop Windows11 Intel N100 8GB RAM 256GB SSD WIFI6 Ultra Thin Body Laptops ,424526.9589617.05,4
23,USB Type C Dock Displaylink Dual HDMI Adapter Hub Laptop Docking Station For Lenovo ThinkPad HP Dell XPS M1 M2 MacBook ,108459.25159500.82,4
24,14inch Student Cheap Laptop 6GB RAM 64GB/128GB/512GB SSD HD Cam WiFi Bluetooth  Windows 10 Notebook Computer ,258158.251229325,19
25,"16.1 inch HD Laptop Newest for Business and Game  Intel Core i9-10880H 64GB DDR4 RAM, 2TB SSD AC WiFi Bluetooth Windows 11 144hz ",1550588.6,
26,15.6 inches laptop i5 i7  8G+128G all in one notebook pc gaming computer four-core super-thin laptop wholesale ,867083.9,
27,E81 Portable SSD 1TB Original ssd Hard Drive 2TB External SSD Type-C USB 3.1 M.2 for Laptop/Desktop/Phones/mac Flash Memory Disk ,29782.06,52
28,Adreamer LeoBook 13 Laptop 13.3-inch Intel Celeron N4020 8GB RAM 1T SSD Windows 10 Computer Office School Notebook PC ,216049.77372501.87,51
29,"Topton Cheapest Laptop 15.6"" IPS +7"" Touchscreen Anti-Glare Notebook 16GB RAM 1TB SSD Celeron N5095 Processor Windows 11 Pro ",623021.91,2
30,2024 New Ultraslim Dedicated Gaming Laptop 15.6 Inch Intel Core i7-1260+MX550 4Gvideo  NVIDIA   RAM Fingerprint office Notebook ,843365.72,11
31,MSI Pulse 15 Gaming Laptop 15.6 Inch QHD 2.5K 165Hz IPS Screen Notebook i7-13700H 16GB 1TB RTX4060 Gaming Computer Netbook Win11 ,2347882.084119091.37,16
32,"CHUWI CoreBook XPro Laptop Gaming，Intel i5-12450H，16GB RAM 512GB SSD，15.6 inch FHD 1920 * 1080,Windows 11 Laptops,1TB SSD Expand ",698693.782253852.85,3
33,MOKiN 8 in 1 USB C HUB to 4K30Hz HDMI Hub Adapter Docking Station with USB 3.0 RJ45 SD/Micro SD PD3.0 for MacBook Pro/Air Laptop ,14915.3532424.67,21
34,Topton L15 360° YOGA Laptop Intel N95 Dual 10.5 Inch IPS Touch Screen Windows 11 2 in 1 Tablet PC Notebook Office Mini Computer ,880704.821467846.83,14
35,Topton L13 12th Gen Intel N100 2 Screen Laptop Dual 13.5 Inch 2.5K Touch IPS 16G DDR5 Windows 11 Notebook Yoga Tablet PC 2 in 1 ,1021224.862127551.8,2
36,2022 Xiaomi Book Pro 16 Laptop 16 Inch 4K OLED Touchscreen Notebook i5-1240P 16GB 512GB Intel Iris Xe Graphics Netbook Computer ,1529633.93059267.8,1
37,For Xiaomi Hard Disk Mobile SSD E60 1TB 2TB 4TB 8TB 256TB USB 3.1 HD External Hard for Laptop PS5 Mobile Hard Disk HDD Storage ,22704.2224091.53,223
38,CHUWI GemiBook XPro Laptop 8GB RAM 256GB SSD Intel N100 Laptops 14.1 Inch 1920X1080 FHD Display Cooling Fan Windows 11 Notebook ,398543.22632609.98,1
39,16.1 Inch Gaming Laptop Intel i9 10885H i7 Nvidia GTX 1650 4G IPS 1920x1080 144Hz Ultrabook Windows 11 Notebook Computer Laptops ,1629658.782628493.54,3
40,15.6 Inch Laptop Intel Corei9-10885H/i7 10870H Windows10/11 Por 2*DDR4 2*M.2 SSD Ultrabook Computer Fingerprint Unlock WIFI5 BT ,818238.721461142.91,14
41,OneXPlayer 2 Pro AMD R7-8840U 3 in 1 Tablet Laptop PC Game Console Handheld 8.4 Inch 2.5K 32G RAM 2TB SSD Windows 11 Computer ,1633756.53,8
42,12th Gen P8 N100 Mini Gaming Laptop Intel Alder Lake N100 8 Inch Touch Screen 12G DDR5 Windows 11 Notebook Yoga Tablet PC 2 in 1 ,491057.971091247.22,24
43,AUFU 5A Magnetic USB C Cable For Realme Huawei 100W Fast Charging Wire For IPhone Samsung Laptop Micro Magnet Charger USB Cable ,9916.5610621.37,"1,000+"
44,"CHUWI GemiBook Plus Laptop Intel N100 Graphics for 12th Gen 15.6"" 1920*1080P 16GB RAM 512GB SSD With Cooling Fan Windows 11 ",424526.9786161.53,206
45,Gpd win mini 16gb 32gb 64gb memory 512gb 1tb 2tb ssd hard disk cpu and ryzen processor handheld gaming laptop mini pc noteboo ,1176626.49,13
46,2021HUAWEI MateBook Mini PC Laptop i5-1135G7/i7-1165G7 16GB 512GB Netbook 13 Inch 2K Touchscreen Iris Xe Graphics Notebook  Pink ,1300321.992241934.46,4
47,"BANGE Waterproof Multi-Use Laptop Backpack For 15.6"" Inch USB Charging Shockproof Business Briefcase Shoulder Bag For Man Women ",86814.74177170.72,500+
48,CHUWI GemiBook XPro Laptop Intel N100 Graphics 600 GPU 14.1-inch Screen 8GB RAM 256GB SSD With Cooling Fan Windows 11 Notebook ,391744.91004473.26,172
49,AKPAD 2 In 1 Laptop 11.6 Inch Touch Screen 6GB RAM 128GB 256GB 512GB 1TB SSD Intel N4000 Windows 10 Tablet PC Portable Notebook ,315198.93562850.55,16
50,240HZ Laptop 16 Inch 2560X1600 16GB RAM  Intel 11th HL160GT N5095 N95 Windows 10 11 Pro Gaming Office Notebook Pc Portable ,429985.1895817.32,9
51,Latest 2024 GPD WIN Max 2 10.1 Inch AMD 8840U Windows 11por Gaming Laptop Portable Game Computer 64GB RAM 2TB Nvme PCIE4.0 SSD ,2141582.54461630.2,14
52,"CHUWI Laptop GemiBook Plus 15.6"" Intel Alder Lake N100 UHD Graphics 16GB RAM 512GB SSD 1920*1080P With WIFI6 Windows 11 Laptops ",424510.51771852.19,2
53,MZX 8 in 1 USB-C Dock Station USB Hub 3 0 Type C A Concentrator 4K HDMI-Compatible RJ45 SD TF Card Reader Docking for Laptop Hub ,18579.3423570.42,61
54,Teclast F7S Notebook 14.1 ''Windows 10 Intel N3350 Dual Core 2.4GHz 8 GB RAM 128 GB SSD 2.0MP front Camera 7 hour mix-use Laptop ,598025.64,
55,High-end Lenovo Legion Laptop Y9000K 2022 i9 32GB Ram Senior Designer Professional E-game Noteboo RTX™ 3080 Ti 16GB Graphics ,10162420,
56,Dual-screen Laptop 14 inch Touch LCD 32GB/16GB/8GB RAM 2TB/1TB/512GB SSD  I7 10th Generation 6 Cores Gaming Laptops Notebook ,1340210.12,9
57,SZBOX JX5 Alder Lake N100 Pocket MINI PC WIFI6 BT5.2 Windows 11 DDR5 12GB 512GB Mini Table PC HD Type-C Dual Screen ,386286.69576537.03,58
58,15.6 Inch Ultrabook Laptops AMD Ryzen R7 4700U Backlit Keyboard Gaming Notebook Windows11 por 36GB DDR4 2TB Fingerprint Unlock ,785194.461353781.86,9
59,In Stock！GPD WIN Mini AMD 8840U/7640U 7Inch Handheld GamePad Tablet 64GB RAM 2TB ROM Pocket Mini PC Laptop Game Player Console ,1414608.862947101.8,5
60,"Xiaomi Laptop Redmi G Pro 2024 16"" 2.5K 240Hz 14th Gen Intel Core I9-14900HX 1TB PCIe 4.0 SSD GeForce RTX4060 Gaming Notebook PC ",2258146.82895060,12
61,"HONOR MagicBook Pro 16 2024 Laptop Intel Ultra 5 125H Arc graphics 16 24GB 1TB 16"" Inch 3K 165Hz Notebook Ultrabook Computer PC ",1385498.451753787.83,2
62,"Gaming I9 Laptops Office Notebooks Desktop Computer PC Windows 11 15.6""  Intel I9-8950HK 64GB RAM Dual DDR4 M.2 RJ45 Port ",1443211.16,4
63,HIFI Stereo Earphones Bluetooth5.3 Foldable Headset Music Headset with Mic for Gaming Mobile Xiaomi Iphone Sumsamg Tablet Laptop ,37422.71,4
64,"CHUWI FreeBook Tablet Laptop 2 in 1 Intel i3 1215U 12GB LPDDR5 512G SSD Windows 11 Laptop 13.5"" IPS FHD Display 2256*1504 WIFI 6 ",745790.51080855.32,73
65,"CHUWI FreeBook Intel N100 Laptop tablet 2-in-1 13.5"" 2K IPS FHD Display 12GB RAM 512GB SSD PC WIFI 6 windows 11 Laptops PD ﻿ 18W ",575306.33913182.99,4
66,Xiaomi Laptop RedmiBook Pro 15 2023 AMD Ryzen 7 R7-7840HS 16G RAM 512G/1T/2T SSD 3.2K 120Hz 15.6'' Notebook PC Computer ,1506788.42597911.04,17
67,"New Laptop LCD Screen Display Assembly For Macbook Pro A2141 16"" 2019 Year Glass Panel Assembly Replacement Silver Gray ",900518.84,
68,CRELANDER 360 Degree Rotating Touch Screen Laptop 14 Inch Intel N5105 RAM 16GB Windows 11 Portable PC Notebook 2 In 1 Laptop ,662147.231018700.65,14
69,Topton L13 12th Gen Intel N100 2 Screen Laptop Dual 13.5 Inch 2.5K Touch IPS 16G DDR5 Windows 11 Notebook Yoga Tablet PC 2 in 1 ,974018.782029205.8,5
70,15.6 Inch 12th Gen Intel Gaming Laptop i9 i7 i5 IPS Metal Ultrabook Max 64GB DDR4 4TB NVMe Portable Notebook Office PC Laptops ,1577092.85,2
71,New Lenovo Legion Y9000P 2022 Gaming Laptop 12th Intel Core i7-12700H/i5-12500H  RTX3060 6G 2.5K 165Hz 15.6Inch Game Computer ,4261528.32,
72,2024 Portable Mini Laptops Metal Small Notebooks Windows 11 7 Inch Touch Screen office N4000 12GB+1TB IPS Netbook Micro Computer ,541247.21,13
73,Lenovo New Portable 2TB SSD 4TB 16TB External Hard Drive Type-C USB 3.0 High Speed 8TB External Storage Hard Disks For Laptops ,21423.0432454.18,"2,000+"
74,ASUS ROG Flow Z13 Gaming Laptop Intel Core i9 12900H 16G RAM 1T SSD RTX3050Ti 4GB 4K Screen 13.4Inch E-sports Notebook Computer ,3705213.59,1
75,HUAWEI MateBook 14 Laptop AMD Ryzen R5-5500U/R7-5700U 16GB 512GB SSD Notebook 14-inch 2K Touch-screen Ultrbook PC Computer ,1369456.03,3
76,Xiaomi Redmi G Pro GameBook Laptop 2024 Intel Core i7-14650HX/i9-14900HX RTX4060 16G+1TB Notebook 16inch 240Hz Gaming Computer ,2339180.69,2
77,"MOKiN 14 in 1 Docking Station for MacBook Air/Pro, iPad, Thunderbolt Laptop - USB-C 3.0, HDMI 4K30Hz, PD 100W, RJ45 1Gbps, Audio ",85605.7694175.14,365
78,Teclast F6s 13.3 Inch Notebook PC 1920*1080 Ips Laptop Intel Apollo Lake N3350 Windows10 Quad Core LPDDR4 8GB RAM 128GB SSD ,678603.79,
79,14'' Office Laptop HP 14S Intel N4500/i5-1135G7/i7-1260P/Ryzen5-5625U/R7-5700U Protable Computer Window 11 system.  ,2593973.76,
80,"Authentic Alienwares Area 51m Laptop, 17.3 9th Gen Intel Core I9-9900K, 32GB RAM, 2 X 256GB SSD (R0) + 1tb Sshd ",655587.09,
81,Legion R9000K Gaming Laptop 16 Inch Notebook ,1950347.7,
82,Ongoing sales A SUS ZenBook Pro Duo UX581 Laptop 15.6 4K UHD NanoEdge Touch Display Intel Core i9-10980HK 32GB RAM 1TB SSD ,835863.3,
83,XIAOMI MIJIA Portable SSD 2TB External Hard Drive Hard Disk High Speed SSD Large Capacity Storage Devices for Laptop/Desktop/MAC ,4546.4123924.78,36
84,"ROG Strix G18 NVIDIA RTX 4090, 32GB, 18.0 WQXGA 240Hz, Intel i9-13980HX Gaming Laptop ",1671726.6,
85,BEST SALES ORIGINAL New Zenbook PRO DUO Dual screen i9-13900H RTX4050 2.8K 120Hz 18inch High refresh rate Gaming laptop ,643999.24,
86,ORIGINAL Razer Blade 16 Intel i9 Gaming Laptop ,696552.75,
87,Lenovo 2023 Portable Disco Duro Externo USB 3.1 Type-C M.2 SSD External Hard Drive 500GB Flash Drive 8TB Hard Disks for Laptops ,5015.655228.73,"1,000+"
88,ORIGINAL Acer Predator Helios Neo 16 PHN16-71 16-inch Gaming Laptop ,696552.75,
89,"New Authentic A SUS ROG Zephyrus Duo 16 Dual Screen Laptop, 16  9 7945HX, 16GB RTX 4090, Gaming Laptop ",640828.53,
90,"HUAWEI MateBook 16s Laptop 2022 i5-12500H/i7-12700H/i9-12900H Intel Xe 16GB 512GB/1TB 16"" 2.5K Touch Screen NoteBook PC Computer ",2034161.8,
91,Xiaomi laptop RedmiBook 16 2024 Intel Core i5-13500H/12450H 16G DDR5 512G/1TB SSD 16“ 1K/2.5K 120Hz Computer Notebook PC ,1253104.721440350.25,5
92,CRELANDER Gaming Laptop 16.1 Inch Intel Core i9 10th Generation Nvidia Graphic GTX 1650 IPS Screen 144Hz Gamer Laptops Notebook ,1799731.82950380,
93,DDR4 Memoria RAM Laptop 16GB 8GB 32GB 1.2V 260pin 3200MHz 2666MHz 2400MHz PC4 Notebook Sodimm Memory ,54090.3,600+
94,YSJMNPC 8 inch Mini Laptop Touchscreen Rotating 360 Degree Intel Alder N100 LPDDR5 12GB Windows11 AX WiFi6 Notebook Tablet PC ,614170.77631758.31,
95,2023 HUAWEI MateBook 14s Laptop i5-13500H/i7-13700H/i7-13900H 16GB/32GB 512GB Netbook 14.2-inch 2.5K 120Hz TouchScreen SSD WiFi6 ,2255867.813957662.82,5
96,GPD WIN Mini AMD 7640U/7840U 16GB 32GB 64GB RAM 512GB 1TB 2TB SSD 7-inch WIN11 System Pocket Mini PC Laptop Game Player Console ,1129675.571686082.94,14
97,Hagibis Vertical Stand for Mac Mini Aluminum Alloy Laptop Desktop Stand Anti-Slip Adjustable Computer Holder for Apple MAC Mini ,44944.1370235.44,25
98,GPD Pocket 3 Mini Laptop 8-inch Intel Core i7 1195G7 16GB/1TB Pentium N6000 8GB/512GB Modular Full-Featured Pocket Mini Laptop ,1166607.281741204.89,15
99,"2024 New HONOR Laptop MagicBook X14 Pro 2024 14""Inch FHD Intel Core i5-13500H AMD Ryzen R5 7640HS Computer PC Notebook Ultrabook ",878869.031112489.95,7
100,"CRELANDER 16"" Dual Touch Screen Laptop Intel i5i7 12th Gen 12 Cores  IPS Screen 32GB RAM M2 SSD Windows 11 Intel Laptop Computer ",1069250.491595893.32,14
101,"OnexPlayer Onexfly AMD Ryzen 7 8840U Laptop PC Game Console 3 IN 1 Video Tablet WIN11 Game Computer 7"" 120Hz Screen 32G 1TB 2TB ",1296724.79,52
102,CHUWI CoreBook X Gaming Laptop 14.1 inch FHD IPS Screen 16GB RAM 512GB SSD Intel Six Cores i3-1215U Core UP to 3.70 Ghz Notebook ,680488.75,11
103,CABLETIME HDMI to DP Cable Adapter 4K 60Hz DisplayPort Converter Video Audio for XBox TV Monitor Projector Switch PS4/5 Laptop ,28012.2229979.14,
104,Laptop 15.6+7inch Intel N100 32GB DDR4 2TB SSD Backlit Keypad 1920*1080 Screen HD Camera Fingerprint Unlock Office Ultrabook ,625972.291304117.13,
105,Intel N95 NVIDIA Mx330 2G 15.6inch Gaming Laptop 32GB DDR4 2TB SSD HDMI Win11 HD Camera Fingerprint Unlock Lightweight Computer ,605024.591260484.29,
106,"GPD WIN Max 2 10.1-inch Pocket Gaming PC Laptop AMD 7640U Processor Windows 11, 16GB RAM, 1TB SSD Mini Laptop ",1365541.92038122.24,1
107,For HP omen 17-AN 17t-an 17-AN013TX TPN-Q195 Laptop LCD Back Cover/Front Frame/Palm Rest Keyboard/Bottom Cover/Hinge/Air Outlet ,59615.0776429.58,3
108,[updated version] GPD WIN Mini AMD 8840U 7Inch Handheld GamePad Tablet WIN11 Systerm Pocket Mini PC Laptop Game Player Console ,1522723.9,5
109,15.6 inch core i3 i5 i7 i9 Refurbished Laptop Notebook 500GB ,850692.9,
110,For HP 15-DA 15-DB 15-DX 250 G7 TPN-C135 TPN-C136 LCD New Laptop Case Front Bezel Palm rest Back Shell Hinge Top Cover ,19758.221476.71,
111,Anti-Theft Office Notebook Laptop PC Computer Desk Key Security Lock Chain Cable Drop Shipping ,2212.78,1
112,15.6 Inch Slim Lcd For HP 15-db0108ns Laptop Led Screen Display Matrix 30 Pins Edp 1366x768 NT156WHM N42 ,41688.86,
113,Portable SSD 1TB 2TB High Speed External Hard Drive USB3.1 Type-C Interface Hard Disk Solid State Drive Mass Storage for Laptop ,13697.1114855.13,"1,000+"
114,PC Laptop Cable Lock & Security Computer Lock Metal Locks for 6x2.5mm Hole Computer Lock Anti Theft Chain Security Lock ,13407.8413948.74,4
115,Laptop Bag USB Backpack for Macbook Air Pro Lenovo Asus HP Dell Large Capacity Travelling Waterproof Multi-pockets Laptop Cover ,23229.9623229.96,347
116,1.2m Laptop Lock Notebook Laptop Computer Lock Security Security China Cable Chain With Key Notebook Pc Laptop Anti-Theft Lock ,5720.46,2
117,"For HP Probebook 450 455 G10 455R G10 LCD Top CoverPalm RestBack Bottom Shell, US Backlit Keyboard, New Best Selling Laptop Case ",44074.39,2
118,CC06 Battery For Hp ProBook 6460b 6470b 6560b 6360b 6465b 6475b 6565b EliteBook 8460p 8470p 8560p 8460w 8470w laptop battery ,25138.3938675.69,
119,2024 New Ultra Thin Hard Shell Laptop Case For Macbook Pro 14 Case For Macbook Air 13 M1 M2 M3 Air 15.3 13.6 Cover Pro 13 Case ,14966.330541.72,"5,000+"
120,Digital Equipment Computer USB Port Lock Laptop Computer Office Lock Laptop Anti Theft Security Lock Password Lock P9JD ,17489.218538.22,6
121,Laptop Combination Security Lock Cable Chain Theft Deterrent 4 Digit Password For Notebook PC Laptop Theft Deterrent Lock Cable ,4828.965002.66,7
122,Backpack for ASUS ROG Strix G16 G17 G18 G614 G713 G814 SCAR 16 17 18 G634 G733 G834 laptop 15.6 16 17.3 inches ,43078.4946320.96,
123,Acasis Thunderbolt 4 Mobile Enclosure M.2 NVME SSD External Hard Driver PCIE Case For Macbook Laptop Desktop And Samsung 980 Pro ,98804.95,224
124,"2024 Portable  i7 Windows 11 Laptop Computer PC 14.1"" 1920*1080 Notebook 12GB RAM 1TB 2TB SSD Intel Core i7 7500U Gaming Laptops ",369094.67576712.16,48
125,Tablet Laptop Lock with Security Lock Base Laptop Tablet Anti-Theft Lock Hole Dropship ,6458.05,1
126,New Puffy Laptop Sleeve Cover Bag 11 12 13 14 15 Inch Candy Color Computer Carrying Case Bags for Ipad Macbook Asus HP Lenovo ,14537.8315167.8,446
127,Displayport Male to HDMI Female Adapter DP 1.4 to HDMI Converter 8K60Hz 4K120Hz Display Port Adaptor for Dell Lenovo Laptop ,30358.7656222.07,95
128,New laptop For ASUS K55V K55A K55VD A55V A55VD K55 K55VM R500V LCD Back Cover Top Case or Bottom Base Cover ,54909.85,2
129,Laptop Bag For Xiaomi Lenovo Dell Notebook Computer Laptop Sleeve For Macbook Air Pro Retina 13 14 15 15.6 Inch Laptops Case ,5556.5511756.26,"10,000+"
130,High Quality Notebook Laptop Computer Lock Security Security China Cable Chain With 2 Key Brand New ,5999.115999.11,89
131,Colorful Laser Laptop Sleeve Bag Notebook Computer PC Protective Cover For Macbook For Ipad Pro For  HP ASUS Dell ,12489.94,2
132,DC 12V 1 Lamp Backlight CCFL Inverter Universal For 8-17 inch Notebook Laptop LCD Screen Display Inverter with cable ,3261.81,21
133,SKNK DDR4 Memoria RAM Laptop 8GB 16GB 32GB 260pin 1.2V 3200MHz 2666MHz 2400MHz 2133MHZ PC4 25600 21300 Notebook Sodimm Memory ,42647.71,1
134,Laptop Case for Microsoft Surface Laptop 3/4/5 13.5 Model 1868 1951 2019 2021 2022 Transparent Heat Dissipation Protective Shell ,11457.312047.38,173
135,Portable Laptop Bags 6-15.6Inch Laptop Sleeve Bag Soft Notebook Case for Macbook Dell Pouch Skin Cover Travel Business Briefcase ,7603.5814621.21,346
136,15.6 Inch 17 In Laptop Bag Business Portable Nylon Computer Handbags Laptop Shoulder Handbag Zipper Shoulder Simple Style ,19700.339402.92,"1,000+"
137,New S150ADA IdeaPad 1-14ADA05 1-11ADA05 Laptop motherboard Model Multiple CPU 3020E 3050E SN 19877-1 FRU 5B20Z2302 5B20Z26469 ,69120.8569120.85,
138,"Laptop protective case suitable for MacBook Air 13 inch Case M3 A3113 M2 A2681, Hardshell Case  for Mac Air 13.6, Crystal Clear ",15570.7933128.75,199
139,Handbag Laptop Bag 13 14 15 15.6 Inch For Xiaomi MacBook Air ASUS laptop bag Case Cover Notebook Accessory Women Men Briefcase ,19121.2939838.34,"1,000+"
140,Laptop Case For Apple MacBook Air 15.3 A2941 M2 Chip Macbook Pro 16 A2485 With Touch Bar Air 13.3 A2337 A2338 A1932 Crystal case ,14883.0315194.46,39
141,2024 Case For Lenovo Yoga 7 2-in-1 14AHP9 14IML9  Laptop Sleeve Detachable Notebook Cover Bag Skin Shell Gift ,51555.2373650.33,24
142,Laptop Bags For Men Notebook Case Sleeve 13.3 14 15 6 Inch For Macbook Pro Shockproof Shoulder Briefcase Fashion Women Bags New ,26838.36,24
143,14.1'' Laptop Computer Windows 11 Intel Core i9 8950HK 16GB DDR4 1TB 2TB SSD Laptops Office Study Gaming Notebook PC Computer ,573221.881042221.6,51
144,Cute Laptop Handbag Shockproof 11 13 14 15 Inch Notebook Pouch Large Capacity Breathable for Ipad/Macbook/Xiaomi/Lenovo ,16669.6517308.9,35
145,"Soft Sleeve Case For Microsoft Surface Pro 7 12.3"" Pro 4 3 5 Pro 6 X Waterproof Pouch Bag Cover Surface Laptop 12.3 inch Case ",13096.41,10
146,Crystal Case for Macbook Air 15.3 A2941 Pro 14.2 A2442 A2779 Laptop Cover for MacBook Air 13.6 A2681 M2 Chip Pro 13 A2338 A2337 ,17127.1831032.73,221
147,Laptop Charger Protective Case Silicone Laptop Sleeves Anti-fall Scratch Resistance Case for MacBook Power Adapter Air Pro 13 ,5802.419506.78,15
148,Laptop Sleeve Bag Case For Macbook Air Pro 13 14 M1 PU Leather Holder Laptop Bag for 13 13.3 14 15.6 17 inch Notebook Pouch ,29406.8745948.08,31
149,Large Capacity Laptop Bag Shockproof Protective Laptop Case 15.6 17 inch Strap Carrying for Lenovo/HP/Dell/Asus/Samsung ,19776.7437316.17,49
150,Laptop Bag For Xiaomi Lenovo Dell Notebook Computer Laptop Sleeve For Macbook Air Pro Retina 13 14 15 15.6 Inch Laptops Case ,5966.1413257.06,221
151,Fashion Colorful Laptop Notebook Case Tablet Sleeve Shockproof Ultra Thin Cover Bag 11 13 15 inch For Xiaomi Lenovo HP Dell Asus ,6490.84,56
152,Protective Laptop Sleeve Case for 13.3 14 15.6 16 Inch New MacBook Pro M3 Max M2 M1 Slim Carrying Laptop Bag Men Women ,15719.0133443.73,315
153,Laptop Bag Notebook Shoulder Bag For Macbook Air Pro Waterproof 14 15.6 Inch Computer Sleeve Pouch Handbag For Student Business ,35354.4770711.26,218
154,for Microsoft Surface Laptop Go 2 1 Case for Laptop 13.5 A1950 A1951 COVER for Laptop Go 2 12.4 Inch Case ,15885.7829971.98,157
155,"15.6"" Ultrabook CPU Intel 4 core 12GB RAM 512GB SSD Fast 128G/256/320GB Backlit Arabic HebrewAZERTY Spanish Russian Keyboard ",1009685.6,
156,Laptop Bottom Case Screw For Macbook Air A1369 A1370 A1465 A1466 Mc503 Mc504 ,2491.432491.43,90
157,New TPU Soft Laptop Case For Macbook Air 13 M1 M2 Case For Macbook Pro 14 Case Chip Air 13.6 Cover for Macbook Pro 13 Cover ,13449.2927449.8,314
158,Laptop Bag Computer Laptop Sleeve 11 13 Inch Office Notebook Sleeve Handbag Waterproof For Xiaomi Hp Dell Lenovo ,19800.3320832.96,54
159,2023 Sleeve Laptop Bag For iPad Air 2 1 2019 Pro 11 12.9 XiaoMi Pad 5 10 Cover 2017 Sleeve Case 13 Inch Macbook Shockproof Pouch ,15751.7516620.47,41
160,"Laptop Case for Apple MacBook Air 13/11/Macbook Pro 13/15/16/Macbook White A1342/Macbook 12"" (A1534) Transparent Hard Shell ",12506.3312784.98,87
161,4 Digital Universal Lock USB Laptop Security Cable Lock For Computer ,13752.0513752.05,15
162,New For DELL Latitude 5480 E5480 E5490 5490 5491 5495 Laptop LCD Back Cover Front Bezel Palmrest Bottom Base Top Case Hinges ,70743.68107186.7,4
163,Anti-Scratch Felt Protector Bag Laptop Bag Tablet Protection Case Pouch Light Sleeve For 11 13 15 Inch iPad Pro Kindle Macbook ,810.61,57
164,Laptop Bag 13 14 15 15.6 Inch Handbag Women Notebook Bag for Macbook Pro Air 13 Case Xiaomi Asus PU Leather Luxury Computer Bag ,10981.97,37
165,Laptop Case for Apple Macbook M1/M2 Chip Air13.3 Air15.3 Air13.6 Pro13 Pro14 Pro16 Anti-fingerprint Protective Coque Laptop Case ,14477.6214477.62,61
166,Multi-pockets Laptop Sleeve for MacBook Air 13.6 Handle Laptop Bag for MacBook Pro 14 Shocproof Notebook Bag for MacBook 16.2 M3 ,15850.0916604.08,256
167,2 Sets New Notebook Pc Lock Security Security China Cable Chain With Key Notebook Pc Laptop Cable Chain With 2 Key Brand New ,8479.058479.05,47
168,OneXPlayer Mini Pro 7 Inch Notebook Handheld Game AMD Ryzen 7 6800U DDR5 16GB RAM Touch Screen PC Portable Handheld Games Consol ,1106556.412573387,
169,Laptop Case Waterproof Notebook Sleeve With Handle 11 12 13 14 15 15.6 inch For Macbook M1 Air Pro HP Huawei Lenovo Bag Cover ,19246.3636315.63,27
170,15.6 Inch Silicone Laptop Notebook Keyboard Cover Ultra-thin Skin Protector For Lenovo IdeaPad 330C 320 Waterproof ,2229.18,56
171,"HAWEEL Waterproof Laptop Sleeve Case Notebook Handbag Macbook Bag &Handle For 15-16.7 inch,14-15 inch,12.5-13.5 inch Laptop ",15768.1416423.78,16
172,15 Inch Waterproof Laptop Case Bag Organizer with Handle for Laptop / Notebook / for Shock-proof Briefcase ,12424.3812424.38,46
173,Laptops Case For Macbook Pro 15.3 A2941 M2 Chip Matte Cover For MacBook Pro 16 15.4 A2485 A1398 A1286 A1707 A1990 A2141 Fudan ,22570.422996.57,409
174,Cheap Notebook 15.6 inch HD Intel Celeron J4125 12G DDR4 128GB 256GB SSD Windows 10 Ultrabook PC Portable Gamer School notebooks ,235227.24452375.21,2
175,NEW For Lenovo IdeaPad 330-15 330-15IKB 330-15ISK 330-15ABR Laptop LCD Back Cover/Front bezel/Hinges/Palmrest/Bottom Case Black ,29812.1731368.55,38
176,New For Samsung NP300E5K NP300E5M NP3500EM NP300E5L Laptop LCD Back Cover/Front Bezel/Hinges Cover/Palmrest/Bottom Case Keyboard ,62070.0977587.61,32
177,Laptopy Teclast F7S 14.1 Cal Notebook 8GB RAM 512GB SSD Windows 10 OS podwójna częstotliwość WiFi Bluetooth ,719564.9,
178,WiWU Vertical Bag for MacBook Air Pro 13 14 inch Waterproof Laptop Shoulder Bag for iPad Pro 11 Air 4 5 Multi-pockets Bag Cases ,50664.5850664.58,60
179,CASEPOKE Laptop Bag 13.3in 14.6in 15.6in PC Case for Macbook Air Pro Lenovo Hp Dell Samsung Waterproof Handbag Laptop Sleeve ,17555.6533124.12,43
180,For Lenovo IdeaPad S400 S410 S405 S435 S436 Laptop LCD Back New Original Cover/Front Bezel/Hinges/Palmrest/Bottom Case NO Touch ,33906.9442383.68,15
181,Laptop bag Sleeve Case Shoulder handBag For M1 M2 14 15 15.6 17 inch Macbook Air Pro 13.3 Huawei Asus Dell Notebook Briefcases ,29552.9730470.87,700+
182,"Soft Laptop Bag Case Tablet Notebook Sleeve Cotton Cover 11"" 12"" 13"" 15"" 15.6"" For Macbook Retina 13 For Xiaomi Huawei HP Dell ",5917.156179.41,600+
183,Laptop Bag Handbag 11 Inch 13 Inch 14 Inch 15 Inch 16 Inch 17 Inch Heat Transfer Printing Trend Laptop Protection Bag ,9771.420358.06,29
184,"Brand Laptop Bag 13.3,14,15.4,15.6 Inch,Lady Women Man Shoulder Messenger Handbag Case For MacBook Air Pro Computer Notebook PC ",42977.21,23
185,Notebook Carrying Case for Macbook Air 13 A2337 A2179 A2338 2020 M1 Chip Pro 13 12 11 15 A2289 Pro 16 A2141 Laptop Sleeve Bag ,20095.37,7
186,14.1 Inch Portable Laptop Computer Intel Core i7 7500U Dual Core 12GB RAM 512GB 1TB 2TB SSD Windows 11 Laptop Pc Gamer Notebook ,369949.3578046.21,40
187,Laptop Case for HuaWei MateBook D 16 2024 Protective Shell Anti-fall Cover for MateBook D16 2024 Model MCLG-16 MCLF-16 Case ,18669.3527864.7,18
188,3M Sticker Wallet Pouch External Adhesive Laptop Back Mouse Sleeve Digital Hard Drive Carrying Case Storage Cover Bag Pocket ,2819.254097.75,85
189,For Macbook Air 13.6 15 M3 Laptop Case M1 Air A2337 Shining stars Crystal Cover Funda Mac book M2 Pro 13 14 16 A2338 A2442 Shell ,20488.7521341.08,142
190,Portable Puffy Laptop Bag Cute Plaid Colorful Laptop Protective Pouch with Handle Soft Tablet Carry Case Laptop accessories ,16122.01,69
191,Funda Laptop Bag Notebook Case Cover 10.1 13 14 15 15.6 16 17 Inch For Macbook Pro Air 13 M3 Chip 15.3 For Lenovo Legion Go MSI ,16800.7717915.36,33
192,Laptop Bag Sleeve 11 12 13 14 15 15.6 Inch Protective Case For Macbook Air Pro Xiaomi Huawei HP Dell Carrying Bag Men Woman ,6264.918124.7,188
193,HAWEEL 13.0 inch -16.0 inch Briefcase Crossbody Laptop Bag For Macbook / Lenovo Thinkpad / ASUS / HP & Other Laptop Bag ,27614.2452101.82,453
194,New Laptop Case For 2022 Macbook Air 13.6 Pro 14.2 M1 M2 MAX Chip Matte Cover Pro Air 13.3 A2179 A2337 A2338 Touch bar/ID 11 12 ,17505.5917898.97,25
195,Cute Laptop Handbag 11 13.3 15 Inch Table Sleeve Carry Case for Ipad Pro 11 12.9 Macbook Air 13 M1 M2 Xiaomi Lenovo Notebook Bag ,25078.2354516.47,51
196,Laptop Sleeve Case Bag for Dell Inspiron 14 13 /Chromebook 14 / HP Stream 14 / Lenovo IdeaPad 14 / Acer Spin 3 / ASUS ZenBook 14 ,12686.6312686.63,89
197,Laptop Sleeve Bag 13 14 15 15.6 Inch Notebook Pouch For Macbook HP Dell Shockproof Computer Briefcase Travel Business Men Case ,20835.1740067.63,345
198,Glitter Laptop Case For Macbook Air Pro 13 Retina 15 11 12 14 16 inch Laptop Cover For Apple Macbook 2020 Touch Bar ID 13.3 Case ,13620.9214145.43,"1,000+"
199,for CHUWI MiniBook X Laptop Bag Smooth Matte PU Leather Magnet Flip Sleeve Charger Pouch Foldable Mousepad Notebook Briefcase ,23996.4337502.61,53
200,Laptop Case for 2024 M3 Air 15 13.6 Case 2023 Pro 14 16 Case for Macbook M1 Air Pro 13 inch Case for Laptop Backpack ,35076.7436469.98,33
201,Laptop Bag for MacBook 2023 Air 15 A2941 Case M2 Pro 13 14 16 Inch Shockproof and Waterproof Fabric Handbag for MacBook M1 Air ,16571.317636.72,"1,000+"
202,Laptop Bag 13.3 14 15.6 Inch Notebook Bag Sleeve For Macbook Air Pro 13 16 Case Xiaomi Shoulder Handbag New Waterproof Briefcase ,36273.2880610.94,43
203,Laptop Case for Huawei MateBook D14/D15/13/14/MagicBook 14/15/Pro 16.1/MateBook X Pro/X 2020 + Keyboard Cover+Screen Protector ,19128.319620.03,9
204,New Laptop battery for Samsung RV411 battery RV415 RV420 RV511 RV508  515 NP-RC510 P480 P430 P510 P560 P580 RC512 E3415VC ,23160.48,5
205,Laptop Bag Sleeve Case Shoulder HandBag Notebook Pouch Briefcases 133 14 156 inch For Lenovo HP Huawei Asus Dell Samsung ,4386.6,272
206,BAGSMART 15.6in Laptop Bag College Backpack High Capacity School Backpack Cute Girl Travel Book Bag Female Fashion Lady ,45222.7746927.43,44
207,Ins Cute Black Laptop Case Waterproof Notebook Sleeve 13 13.3 14 15 15.6 16.1 Inch Macbook M1 Air Pro Acer Laptop Bag Cover 2024 ,23160.48,24
208,Laptop Bag Case For Macbook Air Pro 11 12 13 14 15 Xiaomi Lenovo Asus Dell HP Notebook Sleeve 13.3 15 inch Protective Case ,8047.98,187
209,Ins Cute Laptop Sleeve Carring Case 11 12 13 14 15 15.6 16 Inch Cartoon Cover Macbook Air Ipad Accessories Computer Bag Women ,19591.45,74
210,For Acer Aspire V5-472 V5-472G V5-473 V5-473G P V5-452G Laptops Palmrest/Bottom Case Laptop Accessories ,55700.9575271.56,4
211,Detachable Case For ASUS Vivobook 16X Pro 16 K3605 M3604 X1605 K6602 X1603 Laptop Notebook Sleeve Pu Cover Bag Protective Skin ,55467.14,8
212,Simple Tote Men Business Briefcase Handbag For 15.6 inch Laptop Bags Large Capacity Shoulder Bags Travel Notebook Messenger Bag ,15730.615730.6,389
213,Laptop Case for Huawei MateBook D14/D15/13/14/Magicbook Pro 16.1/MateBook X 2020/MateBook X Pro 13.9/Honor MagicBook 14/15 ,16784.3816784.38,33
214,Laptop Bag Sleeve Case Shoulder HandBag 13.3 15 15.6 16 17.3 inch For MacBook Air Pro HP Huawei Asus Dell Computer Notebook Bag ,36043.8137535.39,241
215,Laptop Sleeve Bag 13.3 14.1 15.6 Inch Notebook Case For Macbook Air Pro Waterproof Portable Travel Carrying Bag Computer Handbag ,21357.4847468.34,178
216,Laptop Bag Case for Macbook Air Pro Lenovo Asus Samsung Dell Cover for 13 14 15 16 inch Computer Shoulder Handbag Briefcase Bag ,42670.8744326.84,252
217,"Ultra-Thin Super Slim 13/14/15/16 Inch Laptop Sleeve Pouch Cover,PU Leather NoteBook Bag Case For MacBook Huawei Matebook Dell ",8648.1216629.22,136
218,New For HP ENVY X360 15-ED 15M-ED 15-EE 15M-EE TPN-C149 Laptop LCD Back Cover Hinges Palmrest Bottom Case L93203-001 15.6 In ,55344.2855344.28,19
219,Laptop Sleeve Case for Surface Pro 9 / Pro 9 5G Case 13 Inch 2022 Shockproof Tablet Keybord Storage Bag for Surface Pro 8/X/7/6 ,17849.79,22
220,Laptop Bag 13/13.3/13.6/14/15/15.6 Inch Sleeve Case For Macbook Air Pro Computer Asus HP  Dell Ipad Pro10.2/10.5/10.9/11 Handbag ,13389.0814167.27,75
221,Laptop Sleeve PU Laptop Bag Multifunction Case 12 13 14 15 17 inch Handle Bag Cute Carrying Bag For Macbook/Dell/HP/Asus/Acer ,20259.28,32
222,"DOMISO 10"",11"",13"",14“,156”,17“ Inch Laptop Sleeve Case Briefcase Water-Resistant Bag Portable Carrying Protector with Handle ",23734.1723734.17,314
223,For Lenovo Legion Y520 R720 Y520-15 Y520-15IKB R720-15IKB IBKN Laptop LCD Back Cover/Front Bezel/Hinges/Palmrest/Bottom Case ,65171.2868673.14,115
224,Shockproof Canvas Women Laptop Tote Bag 14 inch for Macbook Air Pro Huawei Dell ASUS Acer XiaoMi HP Notebook Handbags Briefcase ,18161.2219079.12,"1,000+"
225,For Macbook Air 13 M2 Case 20022 Laptop 13.6 Inch Cover for Macbook Air M3 2024 Crystal Clear Hard Shell M1 2020 A2337 Funda ,17636.72,27
226,"Waterproof Brand Laptop Bag 11,12,13,14,15 Inch,Shockproof Sleeve Case For Macbook Air Pro M1 Notebook Computer PC,DropShip CA91 ",18882.43,64
227,Laptop Case For 2022 MacBook M2 Pro 13 A2338 Cover with Cooling Holes TPU Edge PC Cover for 2023 M3 Pro 14 16.2 Air 15 Case ,15571.4516522.13,482
228,Portable Laptop Protective Case Notebook Sleeve Case 11 13 14 15 15.6 Inch Computer Bag Cover for Macbook Bag ,5786.02,48
229,Laptop Sleeve Case 13 14 15 15.6 Inch For Huawei HP DELL Liner Sleeve Bag For Macbook Air Pro 13 13 6 M2 Notebook Bags Men Women ,18784.0918784.09,700+
230,"Simplicity and ultra-thin super slim Laptop bag case Sleeve for Apple 2018 iPad 9.7"" iPad Pro 10.5 11 12.9"" ,Transverse style ",9637.9110293.55,30
231,2024 Latest GPD G1 Graphics Card Expansion Dock USB 3.2 Type A SD 4.0 HDMI Compatible SD 4.0 Card Reader DisplayPort 1.4a ,1218746.15,2
232,2023 New Matte Laptop Case For Microsoft Surface Laptop 3/4/5 15 Inch Model 1872 1873 1953 1979 Protective Hard Shell Cover ,21078.8321078.83,26
233,Crystal Laptop Case For Apple 2022 Macbook Air 13.6 M2 Chip A2681 Air Pro Retina 11 12 13.3 14 15 16 inch Case 2020 Touch Bar ID ,14473.2514751.9,31
234,Shockproof Case 10 12 13 15 17 Inch Men Women Cat Laptop Liner Sleeve for Macbook Air Pro Animal Notebook Bag Case ,8312.310936.38,31
235,2024 For Macbook M3 Air 13.6 15 M2 Chip Case 2022 Mac book Pro 13 14 Cover 2023 M1 Pro 16 Laptop Air 13 A2337 2020 Crystal Case ,19931.4620751.01,49
236,13 14 16 17.3 inch Laptop Sleeve Bag for 2024 MacBook Air 15 M2 M3 A2941 Pro 13 M1Dell Lenovo HP Asus Men's Women Briefcase Case ,36027.4136945.31,104
237,PU Leather Sleeve Protector Bag Case For Apple Macbook Air Pro Retina 11 12 13 15 Laptop Notebook Cover For Mac book 13.3 inch ,18210.419029.95,265
238,Lenovo Gaming Loptop LEGION R7000 15.6“144Hz AMD Ryzen7 7840H 16/32G DDR5 512G/1TB/2TB Pcie 4.0 SSD RTX4060 Gaming Notebook PC ,1848889.532340366.5,2
239,Laptop Case For Macbook Pro 16 Case M3 M2 M1 Pro 14 15 13 12 Cover Touch ID for Mac book Air M2 Case A2681 A2337 A2179 ,20160.9320816.57,68
240,Notebook Pouch 7-17 Inch Mochila Para Laptop Sleeve Bag Case For Macbook Lenovo Huawei 10 12 13.3 14 15.6 17 Laptops Accessories ,16997.4718013.71,56
241,2023 New Laptop Glitter Case For Macbook Pro 14 Case A2779 For Macbook Air M2 13.6 A2681 Mac Book M1 Chip Pro 16 13 Inch Cover ,21177.1721177.17,84
242,CS03XL Battery for HP Elitebook 840 848 850 745 755 G3 G4 ZBook 15u G3 G4 Laptop HSTNN-UB6S 800231-141 800513-001CS03 CS03046XL ,20029.1843541.7,7
243,Laptop Sleeve Bag for Macbook Air Pro 11 13 14 15 15.6 Inch Dell Asus HP Lenovo PC Laptop Case Notebook Soft Liner Bag Cover ,20772.6435206.25,250
244,Foggy Laptop Case For Macbook Air 13 A2337 A1466 For Mac M1 Chip Pro 13.3 A2338 For Macbook Pro 14 16 Matte Protective Cover ,14506.0415046.94,24
245,Cute Bow Embroidery Computer Bag Tablet Sleeve Case 11 13.3 14 15.6 Inch Women Laptop Sleeves for Macbook Ipad HP ASUS Xiaomi ,1639117308.9,159
246,Laptop Sleeve Cases Bag 13 14 15.4 15.6 16 Carrying For Macbook Pro Air M1 M2 13.3 Cover business Computer bag Shell Accessories ,15735.3616554.91,134
247,Macaron Color laptop sleeve13.3/14/15/15.6/16 Inch For IPad Pro11 Macbook Air13.6 HP/Samsung/Dell/Lenovo/Asus/LG Computer Bag ,20441.4421460.5,66
248,Laptop Sleeve Cases Bag 13 14 15.4 15.6 16 Carrying For Macbook Pro Air M1 M2 13.3 Cover business Computer bag Shell Accessories ,21160.7822078.68,165
249,Laptop Bag For Xiaomi Dell Hp Lenovo Notebook Computer For Macbook Air Pro M1 M2 13 14 15 15.6 16 11 12 Sleeve Case Cover ,18275.9719128.3,54
250,"Sticker Skin For HP Book Pro 13 13-be2077A 2023 /Book pro14 14-ew1053TU 2024/Book Pro16 16-ab0041TU 16"" Laptop Vinyl Protection ",28941.33,
251,3pcs Backpack Set Women Men Laptop Backpack Shoulder Bag Small Pocket for Travel School Business Work College Fits Up to 14.5in ,22701.5422701.54,22
252,"For Asus ROG Strix G513IH-HN002 AMD Ryzen 7 4800H 8GB 512GB SSD GTX 1650 Freedos 15.6 ""FHD portable Computer ",2394069.46,
253,"Affordable New Latest GF65 Thin 15.6"" 120Hz FHD GaminSg-LaptopS Intel Core i7-10750H ",640828.53,
254,For 2024 HUAWEI MateBook D16 NoteBook Laptop Case for Matebook D 16 Inch Model MCLF-X / MCLG-X / MCLEF-X Protective Shell Cover ,24337.0334277.51,7
255,Lenovo BM400 Multifunctional 14-15.6 Inch Laptop Backpack Unisex Business Bag Waterproof Larger Travel Bag Fashion Backpack ,72857.99,1
256,"Genuine Leather Laptop Bag Women Office Laptop Briefcase For MacBook Air 13"" 14"" 15 16 Inch Hp Dell 2024 Female Computer Handbag ",102107.61185652.09,53
257,"Free Print Name Laptop Case For Macbook New Air 13.3'' Pro Retina 14 "" Computer Hard Case With Logo Cut-Out Free Print Name ",25061.8426078.08,4
258,Legion 5 Pro 16IAH7H 82RF003YUS 16-Inch Gaming Notebook ,947311.74,
259,Laptop Bag Shoulder Sleeve Notebook Briefcase 14 15.6 Inch Laptops Zipper Bags For Macbook Portable Computer Business Men Pouch ,34465.1163823.33,116
260,"Matte /Crystal Laptop Hard Cover Case For MacBook Pro 13 Inch with CD-ROM (Model: A1278, Version Early 2012/2011/2010/2009/2008) ",20964.0926209.21,21
261,Magic skin laptop Bag Case for huawei Matebook 16 13 14 D15D16 D14 X pro 2022 2023 Honor MagicBook X 14 15 Pro 16.1 16S case ,28307.26,26
262,Laptop Bag 14 15.6 inch for Men Work Business Computer Shoulder Messenger Bag Carrying Case for Macbook Lenovo HP Dell Asus Acer ,25848.6127012.37,25
263,11/13/14/15.6-inch Protective Laptop  Computer Bag with Zipper Multi-color Lightweight Notebook Carrying Pouch Bag ,8375.8,34
264,Lightweight Laptop Bag Portable Women Business Shoulder Messenger Bag  14/15 Inch Handbag Waterproof Storage Bags Briefcases ,22722.7522722.75,198
265,"HP 14-CF2011NT Intel Celeron N4020 4GB 128GB SSD Windows 10 Home 14 ""Notebook Computer 1 Z9Y7EA ",1229325,1
266,Ins Cute Cat Laptop Sleeve MacBook Air 13 Case Notebook Bag Carrying Bag 10 11 12 13 14 15 15.6 16 Inch Laptop Case Cover Women ,25738.2425738.24,31
267,Laptop Sleeve with Stand for Redmi Book 16 2024 Pro 14 15 Inch Case Xiaomi Book Air 13 14 15E 16 Leather Notebook Cover Bag ,24734.02,27
268,Laptop Bag For Macbook Air Pro 13 16 Redmi Lenovo 13.3 14 15.6 17.3 Inch Case Portable Shockproof Shoulder Bag Handbag Briefcase ,28733.4363859.34,209
269,Girl Fabric School Bag New Fashion College Student Vintage Women Backpack Canvas Female Laptop Bag Travel Kawaii Ladies Backpack ,36114.1436114.14,24
270,Fashion Casual Laptop Bag 13.3 14 Inch Simple Business Office Work Shoulder Handbags Briefcase Waterproof Notebook Case Tote Bag ,26209.2160941.74,27
271,Laptop Sleeve Case Pouch for ( MacBook Mac Book iPad ) Air M1 M2 13 3 14 2 15 6 16 Pro 12 9 11 Inch Cover Bag Set Vegan Leather ,27897.4829044.85,342
272,Laptop Bag Sleeve Protective Case Shoulder Carrying Case For Macbook Air 13 14 15.6 inch ASUS Lenovo Dell Xiaomi Huawei Handbag ,26504.2458909.25,384
273,"Novo Notebook MacBook Pro i7, 16GB RAM, 256GB, 512GB, SSD 1TB, Touch Bar, Original e Genuíno, 15,4 pol ",1448829.72,
274,Authentic Asus ROG Zephyrus Duo 15 SE GX551 GX551QS-XS98 15.6 Gaming Notebook ,599001.93,
275,Laptop Bag Case For Macbook Air Pro 13 14 15.6 Xiaomi Lenovo Asus Dell HP Notebook Sleeve 13.3 Inch Protective Case Black Grey ,14683.7430590.36,900+
276,10.1 13 13.3 14.4 15.4 15.6 17.3 17.4 inch Laptop Sleeve Bag Notebook Smart Cover Case For Macbook Air/Pro For Asus Acer HP #N ,17653.1117653.11,99
277,"Zipper Laptop Notebook Case Tablet Sleeve Cover Bag for 11"" 13"" 14"" 15""For Macbook AIR PRO Retina ",2671.73,306
278,Newest Laptop Sleeve for MacBook Air 13 Pro 13 A2337 Ultra Thin Laptop Bag for MacBook Case for MacBook Pro 13 Bumper Sleeve ,46632.446632.4,50
279,15.6inch Slim 40pin EDP B156HAK01.0 FHD 1920*1080 Model is Compatible WithLCD Display Monitors Laptop Screen Matrix Panel ,108180.6,
280,Protection Anti Theft Lock Base Slot Plate Cable Security Computer Combination Lock Base Computer Laptops Cable Lock Base ,3735.793735.79,
281,11/13/14/15 Inch Laptop Sleeve Case Ultra Thin PU Leather Ultrabook Cover Notebook Bag Protective Pouch for HP/Dell/Surface ,5228.73,3
282,14 Inches Bowknot Silver Laptop Sleeve Bag For Ipad Pro For Macbook For Thinkbook Lenovo Notebook Computer Carry Case Protector ,6420.08,
283,2024 14 16 inch Laptop Sleeve Pillow Puffy Carrying Case Shockproof Quilted Puffer Notebook Storage Bag Office School ,25389.66,
284,4 Digit security password computer lock anti-theft chain for notebook pc laptop ,5621.055797.07,
285,Cute Strawberry Laptop Sleeve Case 12 13 15 17 Inch Pink Notebook Bag Case Shockproof Case Bag ,8312.310936.38,
286,Baby Lasagna Laptop Bag Sleeve 12 13 15 17 Inch Cat Notebook Sleeve Cover Bag Shockproof Case Bag ,8312.310936.38,
287,"Zipper Laptop Notebook Bag Case Akira Curious Pill Tablet Bag Sleeve Anime 12"" 13"" 15"" 17"" Shockproof Case Bag ",8312.310936.38,
288,Laptop Notebook Bag Case Aprilia Be A Racer Tablet Sleeve Case Motor Motocross 12 13 15 17 Inch Shockproof Case Bag ,8312.310936.38,
289,Japanese And Korean Simple Bear Laptop Bag Suitable For 14-inch Laptop Bag Portable Women's Tablet Bag ,12969.8712969.87,
290,Anti Theft Lock Base Slot Plate Cable Security Computer Combination Lock Base Computer Laptops Cable Lock Base Protection ,3884.673884.67,
291,Anime Manga City Night Kawaii Cool Laptop Liner Sleeve 12 13 15 17 Inch Notebook Bag Case Computer Shockproof Case Bag ,8312.310936.38,1
292,"Olive Green Laptop Bag Sleeve 15"" 17"" for Macbook Multicam Military Notebook Sleeve Cover Bag Computer Shockproof Case Bag ",8312.310936.38,1
293,Laptop Sleeve Case 10 12 13 15 17 Inch Notebook Bag Case Cute And Bright Fox Computer Shockproof Case ,8312.310936.38,
294,"Laptop Notebook Bag Case NieR Automata 2B Game Tablet Sleeve Case 12"" 13"" 15"" 17"" Shockproof Case Bag for Macbook Air Pro ",8312.310936.38,
295,Notebook Laptop Computer Lock Security Notebook PC Laptop Anti Theft Lock Universal USB Cable Security Laptop Lock ,19865.8919865.89,1
296,New For HP 15-DA 15-DB 15-DX 250 255 G7 TPN-C135 TPN-C136 Laptop LCD Back Cover Front Bezel Hinges Palmrest Bottom Case Black ,35782.94,1
297,High Quality A41-X550E Laptop Battery For ASUS X450 X450E X450J X450JF X751M X751MA X751L X750JA A450J A450JF A450E 15V 44Wh ,27234.4138907.29,
298,C21N1347 Laptop Battery For ASUS X555LD X555LP X554L X555L X555LB X555LN X555 F555A F555U W519L F555UA VM 2ICP4/63/134 37Wh ,27623.5,
299,C21N1634 Laptop Replacement Battery for ASUS VivoBook R542U R542UR X542U FL5900L FL8000L A580U X580U X580B 2ICP4/59/134 ,27623.5,
300,42WH B31N1631 Laptop Battery For ASUS VivoBook 15 X505ZA X505BA X505BP F505 F505ZA F505BA X505ZA-BQ012T X505BA-1A New Battery ,30092.41,
301,Used Original FOR Lenovo E31-70 / 80 80KC 80KX E31 Laptop Speakers Left Right Speaker PK23000QC00 ,18722.93,
302,B140HAK02.5 B140HAK03.3 LCD Touch Screen Display FHD 1920×1080 EDP 40 Pins 14 inch New Replacement Laptop LCD Touch Screen ,91715.5,
303,LP156UD1(SP)(B1) LP156UD-SPB1 LCD Screen Display UHD 3840×2160 EDP 40 Pins 15.6 inch Non Touch Replacement Laptop LCD Display ,121129.31,
304,New Original For Dell Inspiron 17 7737 Laptop Palmrest Bottom Base Cover C D Shell 07YFPF 07N557 0CYGR0 ,60217.25,
305,Original For Lenovo YOGA 3 11 YOGA 700-11 ISK Laptop Bottom Base Cover D Shell AP19O000350 ,23623.69,
306,New Original For Acer 4750 4752 4750g 4743g  Laptop LCD Back Case/Bezel/Palmrest/Bottom Base Cover A B C D Shell ,31266.65,
307,New Original For Lenovo Thinkpad S3 Yoga 14 Laptop LCD Back Case/Palmrest/Bottom Base/hinge Cover 00HN632 00UP069 00HN629 0HN627 ,31266.65,
308,B133HAN05.C 13.3 inch Laptop Lcd Screen Display Matrix IPS Display Panel 1920x1080 30pins ,81955,
309,Laptop LCD Replacement Screen FHD IPS 30 Pins N160JCE ELL Rev.C3 Rev.C1 N160JCE-ELL Matrix Display Panel ,90150.5,1
310,ASUS Adolbook14 Slim Laptop 12th Intel Corei5 12500H 16G RAM 512G SSD 2.5K/2.8K 14Inch Office Laptop ,2825578.56,
311,MSI Summit E14 Laptop 14 Inch 2.8K QHD 60Hz Touchscreen Notebook i7-1360P 16GB 1TB Intel Iris Xe 360° Filp Foldable Netbook PC ,2507376.723633879.31,
312,2023 Gaming I7 Windows 11 Laptops Office Business Notebooks Metal Netbook 11th Intel Core I7-11800H 64GB RAM 2TB SSD M.2 WiFi ,1752738.8,
313,"MSI Stealth 15M B12UE-034XTR Intel Core i7 1280P 16GB 1TB SSD RTX3060 Freedos ""FHD portable computer ",3114126.09,
314,Best Laptop HUAWEI MateBook 13s 2021 Notebook PC i7-11370H 4.8GHz Iris Xe Graphics 13.4 Inch 2.5K Touch High Refresh Screen ,3880061.13,
315,Ninkear  Mini PC T9 Plus Windows 11 16GB DDR5 Intel N100 512GB SSD WIFI 5.0 Desktop Computer Notebook Business laptop ,348554.61,1
316,ASUS Tianxuan2 Gaming Laptop 11th Intel Core i5-11400H/R7-5800H RTX3050-4G/RTX3060-6G/RTX3070-8G 16G RAM 512GSSD 144Hz 15Inch ,4168423.19,
317,New Xiaomi Redmi Book Pro 14 2024 Laptop Intel Core Ultra 5 125H/Ultra 7 155H  32GB DDR5+1TB SSD 2.8K 14inch 120Hz Notebook ,1570097.57,1
318,ASUS ROG Strix G15 Gaming Laptop AMD Ryzen 9 5900HX 16G RAM 512GB SSD RX6800M-8GB 300Hz Screen 15.6Inch E-sports Computer ,5512194.24,
319,New 12th Gen Gaming Laptop NVIDIA RTX 3060 6G Intel i9 12900H i7 12800H 16 Inch 2.5K IPS Screen 165Hz M.2 NVME SSD RGB Keyboard ,1777653.133174379.41,1
320,13'' Slim Laptop HP 13air AMD Ryzen5 5625U 16GB RAM 512GB SSD 2.5K Screen Backlit Keyboard. ,3242003.99,
321,New Lenovo Legion Y9000P 2022 Gaming Laptop 12th Intel Core i7-12700H/i5-12500H  RTX3060 6G 2.5K 165Hz 15.6Inch Game Computer ,4261528.32,
322,ASUS ROG Strix G15/G17 Gaming Laptop AMD Ryzen 9 6900HX 16G RAM 1T SSD RTX3070Ti-8GB 2.5K Screen 165Hz 15Inch E-sports Computer ,6257961.7,
323,1000nits I7 CPU  14 inch Industrial Back Mobile Computer Waterproof Fingerprint PC i7 Rugged Laptop Notebook ,1637460.9,
324,Hot sale 14 inch 1000nits I7 CPU  Industrial laptops Back Mobile Computer Waterproof Fingerprint PC i7 Rugged Laptop Notebook ,1637460.9,
325,Lenovo Legion R9000P E-Sports Gaming Laptop AMD R7 5800H/R7 6800H GeForce RTX3060 6GB/RTX3070 8GB 165Hz 15.6 Inch Game Notebook ,4863700.8,
326,1000nits high brightness 15.6 inch i7 cpu Industrial Back Mobile Computer Waterproof Fingerprint PC i7 Rugged Laptop Notebook ,2458650,
327,14 inch 1000nits I7 CPU  Industrial laptops Back Mobile Computer Waterproof Fingerprint PC i7 Rugged Laptop Notebook ,1637460.9,
328,"Lenovo V15 G2 ITL Intel Core i5 1135 G7 8GB 256GB SSD Freedos 15.6 ""FHD Portable Computer 82 KB000STX01 ",3196245,
329,High-end Lenovo Laptop ThinkPad X1 Carbon 2022 Gen 10 14 Inch 2.2K Led Backlit Screen i7-1260P 16GB LPDDR5 5200Win11 Pro 4G LTE ,8195500,6
330,"12th i7 12700H/ i9 12900H Gaming Laptop RTX 3060 Discrete Graphics Card 6G Notebook Computer 14 Cores Gamer PC 16"" 2.5K Screen ",3200146.06,
331,ASUS ROG Flow X13 Gaming Laptop AMD Ryzen 9 6900HS 16GB 1TB SSD RTX3050Ti-4G 120Hz Screen 13Inch Notebook E-sports Computer ,4631632.79,
332,ASUS ROG Strix SCAR 15/17 Gaming Laptop Intel Core i9 12900H 32G RAM 1T SSD RTX3080Ti 16GB 2.5K Screen 165Hz 16Inch Computer ,7410890.39,
333,15.6 inch 1000nits I7 CPU  Industrial Back Mobile Computer Waterproof Fingerprint PC i7 Rugged Laptop Notebook ,1637460.9,
334,cheap price Ultra-thin laptop computer play gaming laptop Wholesale lots 15 6 inch original best laptop1TB SSD ,621218.9,
335,"11,6 zoll full metall 2 in 1 touch screen laptop mit 4GB RAM160GB SSD ",654000.9,
336,ThinkPad T14 2023 Laptop intel i5-1340P vPro/i7-1360P vPro Integrated Graphics 16GB/32GB RAM 512GB/1TB SSD 2.2K LTE 14''Notebook ,2865146.8,
337,"New Laptop Honor MagicBook X14 2022 14 inch Intel i5-1135G7 16GB 512GB SSD Fingerprint IPS Ultrabook,Win11 Notebook ",1432573.4,
338,"Lenovo Laptop ThinkPad P15v i7-12700H NVIDIA T1200/T600 4GB GDDR6 16G+512G/1T 32G+1T SSD 15.6"" 4K/FHD Screen Win11 Notebook ",3612576.4,
339,Lenovo LEGION R9000X E-Sports 15.6Inch Gaming Laptop R7-5800H 16/24/40G RAM 512G/1/2TB SSD GeForce RTX 3060 Backlit Metal Win10 ,2840232.48,
340,Good price new laptops custom gaming smart lcd computer core i5 mini pc notebook i7 ,867083.9,
341,15.6 inch Top selling Ultra-thin laptop cheaper laptop ,621218.9,
342,High quality ultra-thin laptop 15 inch notebook computer gaming laptop ,621218.9,
343,"15.6"" Laptop Ultrabook PC 2G MX250 64GB RAM DDR4 1TB SSD Backilt keyboard Bluetooth HMDI ",621218.9,
344,"2020 Computer  note book machine,  new 15.6 inch laptop 8G ram metal laptop Backilt keyboard Bluetooth HMDI ",621218.9,
345,core I5 Laptop 15.6 Inch 1920*1080 IPS Display 3MM narrow border 8GB RAM EMMC 128GB Notebook ,850692.9,
346,15.6 inch mini Laptop computers for Education notebooks with 8GB Ram 120GB SSD ,850692.9,
347,china factory 15.6 inch laptop computer 8G ram 128GB SSD notebooks cpu netbook laptop gaming ,867083.9,
348,Gaming Laptop 15.6 Inch In tel Core  8GB 1TB SSD 128GB/256GB Win 10 netbook ,735955.9,
349,Chinese Version game book Enhanced Edition 15.6 Inch Laptop  1050Ti RAM 8GB 1T+256GB 4G ,621218.9,
350,15.6 Inch Slim Laptop Intel Core  Gaming Laptop Computer With backlit keyboard Netbook ,621218.9,
351,New Computer Laptop Notebook Core 15.6 inch gaming laptop computer ,621218.9,
352,Wholesale 15.6 inch Bulk Rugged Core  8G Gaming Computer Notebook Laptops ,621218.9,
353,Best Price New Thin Core 15.6 Inch Gaming laptops Win10 Mini PC Notebook 8GB 128GB OEM Laptop Computer ,621218.9,
354,15.6 Inch Mini PC Notebook Quad Core Celeron 4GB + 256GB Win10 Laptop Computer for Business ,850692.9,
355,Factory direct supply Ultra Slim Mini Laptops 15.6 inch Notebook PC 6 GB 128 GB computer ,621218.9,
356,15.6 metal core I7 laptop 8GB RAM 256GB SSD + optional 1TB Backlit KB 15.6inch HD gaming notebook computer ,867083.9,
357,2020 15.6 inch notebook computer Laptop gaming laptop computer ,621218.9,
358,OEM new 8GB laptop 15.6 inch Notebook computer 256GB office Business Slim Gaming Netbook ,621218.9,
359,2020 Wholesale 15.6 inch laptop Computer Dual core four thread business gaming Notebook ,621218.9,
360,Laptop Case for Microsoft Surface Laptop 3/4/5 13.5 Model 1868 1951 2019 2021 2022 Transparent Heat Dissipation Protective Shell ,11457.312047.38,173
361,NEW For Acer Aspire 3 A315-41 A315-41G A315-33 A315-53 A315-53G Laptop Top Case LCD Back Cover/Hinges/Front Bezel Black Shell ,60728.66106541.5,31
362,"R15B01W  Laptop Battery For Xiaomi Pro 15.6"" GTX TM1701 Series Notebook ",48470.26,68
363,NEW for Lenovo Ideapad 3-15ADA05 15ARE05 15IML05 15IIL05 15IGL05 15ITL05 Laptop LCD Back Cover/Front Bezel/Palmrest/Bottom Case ,34486.6753893.61,36
364,Laptop Case for Microsoft Surface Laptop Go 2 Case 12.4 inch Funda for Surface Laptop 2 3 4 5 13.5 inch PC Matte Crystal Cover ,13588.1414079.87,273
365,DXT NEW Laptop Battery M5Y0X 71R31 8858X T54FJ 04NW9 Laptop Battery For Dell Latitude E6420 E6520 E5420 E5520 E5430 Inspiron 14R ,50693.65,23
366,Casual USB Sports Backpack Business Travel School Bag Backpack Suitable For Macbook Pro Laptop Bag Suitable For Dell HP Lenovo ,22789.9122789.91,28
367,for Kensington Powerful Anti-Theft Cable Lock Digital Equipment Anti-theft Locker for Laptops PC Monitor Other Devices B ,15391.1515391.15,26
368,UPERFECT 18.5 inch Portable Monitor Case Polyester Laptop Sleeve Computer Cover Bag with Pocket Zipper for 18.5 inch Notebook ,29569.3751877.52,41
369,Laptop Combination Security Lock Cable Chain Theft Deterrent 4 Digit Password For Notebook PC Laptop Theft Deterrent ,4884.525064.82,137
370,Sanrio Kuromi My Melody Laptop Bag For 12 13 13.3 14 15 16.1 Inch Huawei Lenovo Macbook Accessories Protective Case Kawaii Anime ,27503.07,20
371,CASEPOKE Laptop Sleeve Case 13.3 14.6 15.6 Inch Notebook Bag Tablet Waterproof Case For MacBook Air Pro Lenovo Hp Dell Men Women ,16420.7832195.38,"2,000+"
372,Professional notebook windows 11 cpu i9-8950hk Computer PC 14.1-inch 1920*1080 Laptop computer 16GB RAM 2TB SSD Notebook ,586870.35962081.71,41
373,15.6 Inch EDP Laptop LCD Screen B156XTN07.1 N156BGA-EB2 NT156WHM-N32 NT156WHM-N42 N156BGA-EA2 B156XTN04.4  30 Pin Screen ,47533.9,36
374,"Sleeve Case Laptop Bag For 11 12 13 14 15 15.6 inch For ipad 9.7"" Bags For MacBook Air Pro 13.3 15.4 Notebook Cover for HP Dell ",16112.3623357.18,94
375,fashionable travel backpack men large capacity backpacks outdoor camping bag computer student bag business backpack ,16499.5331729.86,92
376,LP125WH2 SLT1  LP125WH2-SLT1 (SL)(T1) Laptop LCD LED Screen Panel IPS LVDS 40pin 1366*768 Original Display matrix ,59007.6,62
377,ETESBAY R15B01W Laptop Battery For Xiaomi Mi Pro 15.6 Inch Series TM1701 171501-AQ Notebook 7900mAh/60.4WH ,50156.4683594.1,25
378,For DELL Inspiron 13 5368 5378 5379 7378 7368 P69G P69G001 LCD Screen+Touch Digitizer Assembly B133HAB01.0 NV133FHM-N41 A11 FHD ,131128,30
379,2024 M3 Laptop Case For MacBook Air 13 15.3 Case 2020 M1 For Macbook Pro 13 14.2 16.2 Case Funda Macbook Pro 16 Case m2 2022 ,17210.5517964.54,27
380,Laptop Bag 13.3 14.1 15.6 16.1 Inch Waterproof Laptop Sleeve Briefcase HandBag Notebook Pouch Portable Macbook Air Pro Case ,24275.0725291.31,97
381,Laptop Bag Sleeve For 11 12 13.3 14 15.6 17.3 Inch Computer Case For MacBook Air 13 Case Xiaomi Lenovo Dell Asus Waterproof  Bag ,15899.2735339,133
382,Laptop Bag Case for Macbook Air Pro Lenovo Asus Samsung Dell Cover for 13 14 15 16 inch Computer Shoulder Handbag Briefcase Bag ,42670.8744326.84,252
383,Case For Lenovo IdeaPad Slim 3 15IRU8 15IRH8 15AMN8 15ABR8 15IAN8 15IAH8 Laptop Sleeve Detachable Notebook PC Cover Bag  Stylus ,51555.2373650.33,27
384,"14.1"" Portable Laptop Computer Intel Core i9 8950HK 16GB DDR4 1/2TB SSD Notebook Windows 11 Pro Office Laptop Computer PC Gamer ",571582.12893095.9,30
385,Flower Pattern Laptop Sleeve Case Bags Shockproof Computer Cover Bag Tablet Pouch for Macbook Air Pro 11 13 14 15 Inch Cover ,13164.4213164.42,46
386,Laptop  For Lenovo IdeaPad Flex 5 14ALC7 14IAU7 14 Inch Case  Sleeve Detachable Notebook PC Cover Bag Protective Pu Skin ,50258.2471797.49,38
387,Bling Case for Macbook M1 Chip Air Pro 11 12 13 15 16 Glitter Girls Cover for Mac Book Pro 13 A2338 Touch Bar A2442 A1708 A2179 ,18095.6618095.66,22
388,"NV156FHM-N42 N42 FHD 1920x108015.6"" LCD Laptop Screen  V8.0 fit LP156WF6 SPK1 B156HAN06.1  LED Display IPS Panel 30Pin eDP ",74715.7174715.71,80
389,01AV409 01AV457 Laptop Battery For Lenovo Thinkpad X1 Carbon 4TH GEN 20FC 01AV441 01AV458 00HW029 01AV438 01AV440 410 SB10F46466 ,42029.3260912.06,40
390,DIY Laptop Case for MacBook Air Pro Retina 14 12 13 15 16 15.4 13.3 inch Custom Photo Cover Air A2141 A1932 A1286 Shell Funda ,26274.7739813.74,27
391,Large Capacity Laptop Bag Shockproof Protective Laptop Case 15.6 17 inch Strap Carrying for Lenovo/HP/Dell/Asus/Samsung ,19776.7437316.17,49
392,Notebook Pouch 7-17 Inch Mochila Para Laptop Sleeve Bag Case For Macbook Lenovo Huawei 10 12 13.3 14 15.6 17 Laptops Accessories ,16997.4718013.71,56
393,"Original New LCD Screen Display Assembly For Macbook Air Pro A2337 A2338 Retina 13"" M1 M2 ReplacementE MC 3598 3578 8162 ",163258.22,50
394,Laptop Case Cover  For Asus ZenBook 14 UX3405 OLED UX3402 UM3402 Q415 Laptop Sleeve Detachable Notebook PC Cover Stylus Gift ,50582.4972260.7,29
395,The latest laptop case For Huawei Matebook 14 KLVL-W56W 2020 Case For HUAWEI MateBook 14 Case 2022 matebook 14 KLVD-WDH9 Cover ,20275.6621193.56,34
396,"Portable Windows 11 i7 Laptop Computer PC 14.1"" 1920*1080P Notebook Laptops Intel Core i7 7500U 12GB RAM 1TB SSD Office Study PC ",370528.31673687.41,36
397,"2024 New styles Gaming Laptop Windows 11 12GB RAM 1TB SSD Intel CORE i7 Laptop 14.1"" 1920*1080 Resolution Office Study Computer ",393447.92666862.02,65
398,Laptop Bag case 13.3 14 15.6 17.3 inch Waterproof Notebook Bag for Macbook Air Pro 13 15 Computer Shoulder Handbag Briefcase Bag ,31716.5932765.61,800+
399,New Tablet Sleeve Bag 7.9-12.9 inch Handbag Case Shockproof Sleeve Bag Cover Multi Pockets Tablet Pouch ,10604.9810604.98,30
400,Cute Flower Laptop Sleeve 11 13 14 15.3 15 Inch Portable Table Cover Bags for Macbook Ipad Pro 11 12.9 Air HP ASUS Computer Case ,19652.81,71
401,Pu Leather Laptop Sleeve Bag Case For Macbook Air Pro 13 14 16 M1 M2 M3 2022 2023 2024 Notebook Cover For Dell HP 15 17 Inch ,28143.3529126.81,86
402,Laptop Sleeve Protective Shoulder Bag Carrying Case For Macbook 13 14.2 16 15.6 Air Cover For HP ASUS Dell handbag ,11162.2711162.27,20
403,7 10 12 11 Tablet Bag 17 Chromebook Laptop Cover Case For Chuwi LapBook Pro 14.1 Thinkpad 13.3 16 15.6 Lenovo Legion GO 15 Pouch ,14292.9515227.24,42
404,Laptop Stand Cover For Apple Macbook Air 13 Sleeve M2 Pro 13 16 15 Laptop Case For Macbook Pro 14 Case M1 M3 2023 Bag ,16817.1617407.24,237
405,"Protective Hard Shell Laptop Sleeve Bag With Handle For 13"" 14"" 15.6"" 17"" Inch Notebook Bag Shockproof Shoulder Computer Bag ",41010.2842518.25,252
406,15.6'' Slim TN Screen NT156FHM-N62 NT156FHM-N61 B156HTN06.1 B156HTN06.2 N156HGA-EA3 NT156FHM-N43 NT156FHM-N63 30 Pin FHD ,59302.6488511.4,27
407,WiWU Laptop Bag for MacBook Air 13 Pro 14.2 16.2 inch Waterproof Laptop Sleeve for MacBook Air 15.3 2023 Lightweight Carry Case ,26488.6449053.9,77
408,Original For sony vaio svf152c29x notebook housing svf15 svf152 Laptop Body Case Back Cover/Bezel/Plamrest/Bottom Case No Touch ,75628.07106525.11,20
409,"Waterproof Brand Laptop Bag 11,12,13,14,15 Inch,Shockproof Sleeve Case For Macbook Air Pro M1 Notebook Computer PC,DropShip CA91 ",18882.43,64
410,Newest Crystal Laptop Cases For Macbook Pro 14 A2992 Case M1 M2 M3 A2991 macbook Pro 16 Funda MacBook Air Cover Capa Mac Pro 13 ,18341.5319128.3,28
411,laptop bag sleeve 13inch 14inch 15.6inch 17inch For lenovo Macbook XiaoMi HuaWei ASUS Acer HP Surface Notebook pouch tote bags ,15030.5515505.89,44
412,New Case For HP 15-DW 15S-DU 15S-DY 15S-DR TPN-C139 LCD Back Cover Bezel Hinges Palmrest Bottom Hingecover L52012-001 L52007-001 ,61914.9165731.76,42
413,11 13 14 15 Inch Laptop Handbag Large Capacity Shockproof Notebook Bag Cute Breathable for Ipad/Macbook/Xiaomi/Lenovo ,16571.3,35
414,"Laptop Sleeve Case for Lenovo Thinkbook 13.3"" 14"" 15.6"" 16"" With Handle Pocket Briefcase Waterproof HandBag for Thinkbook 12.5"" ",17328.6731398.66,142
415,Ins Cat Cute Laptop Sleeve Bag Case 10 11 12 13 13.3 14 15 16 Inch Notebook Pouch Carrying Macbook Air 13.6 M2 Pro Shockproof ,23292.49,73
416,New Hinge For Asus Zenbook Flip UX360 UX360C UX36CA Series Laptop Hinges 13NB0BA2M08121 13NB0BA2M07121 ,53259.8453259.84,47
417,"Waterproof Brand Laptop Bag 11,12,13.3,14,15.4,15.6 Inch,Man Lady Liner Sleeve Case For Macbook Air Pro M1 2 Notebook Computer ",17079.4217079.42,91
418,Handbag Laptop Bag 13 14 15 15.6 Inch For Xiaomi MacBook Air ASUS laptop bag Case Cover Notebook Accessory Women Men Briefcase ,19121.2939838.34,"1,000+"
419,Anti-Scratch Felt Protector Bag Laptop Bag Tablet Protection Case Pouch Light Sleeve For 11 13 15 Inch iPad Pro Kindle Macbook ,5280.599961.32,339
420,"Shockproof Brand Kinmac Laptop Bag 12,13.3,14,15.4,15.6 Inch,Waterproof Lady Man Sleeve Case For MacBook Air Pro M1 Handbag PC ",35371.7835371.78,235
421,Universal 14/15/17 inch DIY Laptop Decal Sticker Laptop Skin Cover for HP/Acer/Dell/ASUS/ Sony/Xiaomi/macbook air Notebook ,1737.44,87
422,New Men Messenger Computer Bag Man 14-inch Leather Laptop Briefcase Handbag Single Bolso Bags Bandolera Hombre Sac Homme Women ,57824.77105134.68,33
423,Laptop Sleeve Bag 14 15.6 Inch Notebook Case For Macbook Air Pro Tablet Waterproof Portable Travel Carrying Bag Computer Handbag ,23127.723127.7,79
424,Soft Laptop Bag Sleeve 15.6 17.3 inches For Macbook Air Case 2021 Pro 11 12 13 14 15 17 inch Huawei Handbag Laptop Sleeve Cover ,15459.6215807.03,50
425,HAWEEL 13.0-15.0 inch Sleeve Case Zipper Briefcase Laptop Handbag For Macbook/ Samsung/ Lenovo Thinkpad and Other Laptop Bag ,17210.5532473.31,58
426,"2024 Windows 11 14.1"" Laptop Computer Intel Core i9 8950HK 16GB 1TB 2TB SSD Office Computer PC Fingerprint Unlocking Notebook ",587062.59962399.01,30
427,Soft Laptop Bag For 14 Inch Wear-resisting Notebook Case For Macbook Air Pro 13 15.6 Laptop Case Tablet iPad Cover Accessories ,7851.298195.5,110
428,New For Lenovo IdeaPad Flex 14 C340-14 C340-14IWL C340-14API C340-14IML FLEX-14IWL Laptop Cover Palmrest Bottom Cover C340-14 ,56319.4856319.48,49
429,14.1'' Laptop Computer Windows 11 Intel Core i9 8950HK 16GB DDR4 1TB 2TB SSD Laptops Office Study Gaming Notebook PC Computer ,573221.881042221.6,51
430,"Laptop sleeve case For Macbook Air Pro Retina 13 14 15.6"" Laptop bag sleeve Ultrabook Cover bag for HP Dell Notebook iPAD bag ",12559.9323700.12,38
431,14.1 Inch Portable Laptop Computer Intel Core i7 7500U Dual Core 12GB RAM 512GB 1TB 2TB SSD Windows 11 Laptop Pc Gamer Notebook ,369949.3578046.21,40
432,"DOMISO 13"",14"",15.6"",17"" Inch Laptop Sleeve with Handle Shockproof Waterproof EVA Protective Case ",47910.8947910.89,80
433,Cute Laptop Handbag 11 13.3 15 Inch Table Sleeve Carry Case for Ipad Pro 11 12.9 Macbook Air 13 M1 M2 Xiaomi Lenovo Notebook Bag ,25078.2354516.47,51
434,DOMISO 10 11 13 14 15.6 Inch Laptop Bag Canvas Notebook Bag Case Handbag for MacBook Microsoft Surface Lenovo HP ,20013.4120013.41,76
435,"Brand Lisen Laptop Bag 13.3,14,15.6Inch, Leopard Canvas Sleeve Case For MacBook Air Pro, Lady Women Handbag Notebook,Dropship ",24406.19,31
436,Crystal Laptop Case For Apple 2023 Macbook Air 15 M2 Chip A2941 Air Pro Retina 11 12 13 15 16 inch Laptop Case 2022 Touch Bar ID ,18169.3934282.14,"1,000+"
437,"Laptop Bag Tablet Sleeve 9"" 10"" 11"" 12.9"" 13"" 14"" 15"" 16"" for iPad Air Pro M4 XiaoMi Pad for Samsung Huawei Shockproof Pouch Bag ",16295.7230178.11,249
438,Laptop Bag For Macbook Air Pro Retina 11 12 13 14 15 15.6 inch Laptop Sleeve Case PC Tablet Case Cover for Lenovo Air HP Dell ,8441.378654.45,"1,000+"
439,New laptop For Samsung NP270E5R NP270E5E 270E5U 270E5J 270E5V 270E5G 300e5e LCD Back Cover Top Case/Bezel Front Frame Cover ,49173,21
440,Travel Carrying Case 24 inch Screen Computer Monitor Protective for iMac Desktop ,37322.3138207.42,41
441,"14.1"" Windows 11 i9 Laptop Intel Core i9 8950HK Laptops 16GB DDR4 1TB 2TB SSD Notebook PC Gamer Computer Office Study Notebook ",571667.81893230.23,41
442,USB Notebook Laptop Combination Lock Travel 4 Digit Security Cable Chain ,13176,22
443,Laptop Bag Shoulder Sleeve Notebook Briefcase 14 15.6 Inch Laptops Zipper Bags For Macbook Portable Computer Business Men Pouch ,34465.1163823.33,116
444,Laptop bag 15.6 15 14 13 Inch Laptop Case For Macbook HP Dell Acer  Notebook Pouch Computer Briefcase Portable Computer Bag ,17013.8617915.36,51
445,Laptop Sleeve Bag for 2024 MacBook Air Pro Retina 11 12 13.3 14 15 16 Inch M1 M2 M3 Huawei HP Dell Lenovo Notebook Tablet Case ,27323.828307.26,42
446,Laptop Carrying Case fits for 13-15-Inch Laptop and Tablet Shoulder Strap Durable Water-Repellent Fabric Business Casual School ,15781.5530347.18,138
447,BPS26  Laptop Battery for Sony Vaio VGP-BPL26 VGP-BPS26 VGP-BPS26A SVE14A SVE15 SVE17  VPC-CA VPC-CB VPC-EG VPC-EH ,44023.44,35
448,Ladies PU Leather Laptop Bag Handbag 13/14/15.6/16 Inch For Macbook Air Tablet HuaWei MateBook Lenovo Thinkpad ,38854.0271950.35,116
449,For macbook air 13 case for Laptop accessories macbook air m1 M2 2023 Air 15 Funda macbook Pro 13 case 2022 M3 Pro 14 16 Cover ,13883.1814374.91,176
450,Laptop Bag Sleeve Case Shoulder HandBag Notebook Pouch Briefcases For 13.3 14 15.6 17.3 Inch Macbook Air Pro HP Huawei Asus Dell ,29981.2429981.24,169
451,"DOMISO 13"",14"",15.6"",17"" Inch Laptop Sleeve with Handle And Strap Shockproof Waterproof EVA Protective Case ",37453.44,32
452,"2024 Portable Windows 11 i7 Laptop Computer PC 14.1"" 1920*1080 Notebook Intel Core i7 7500U 12GB RAM 1TB 2TB SSD Office Study PC ",396389.3619357.56,39
453,Laptop Sleeve Bag 12 13 13.3 14 15 15.6 Inch Waterproof Notebook Bag Funda For Macbook Air Pro 13 15 16 Inch Computer Case Cover ,21783.64,77
454,Women Cute Laptop Sleeve Case Table Protective Pouch Bag 11 12 13.6 14 15.6 Inch Cartoon Laptop Zipper Bags for Ipad Macbook HP ,23766.95,28
455,WIWU Laptop Bag for MacBook Air 13.6 M3 2024 Waterproof Shoulder Bag for MacBook Pro 13 Air 13 2022 Carry Case for iPad Pro 13 ,51385.7851385.78,31
456,Kawaii Laptop Bag for Xiaomi Hp Dell Lenovo Notebook for Macbook Air Pro Ipad Bag Computer Case Laptop Sleeve ,25407.0525407.05,54
457,laptop shoulder bag 17 15.6 13.3 11.6 waterproof Neoprene Tablet Sleeve laptop case for xiaomi notebook pro/macbook/dell/lenovo ,27717.18,43
458,13.3 inch LCD Galaxy Book S NP767XCM SM-W767 GH82-21278B New Original LCD LED Touch screen Display assembly ,127685.89,21
459,"Portable Windows 11 i7 Gaming Laptop Computer PC Intel Core i7-7500U 14.1"" Notebook 12GB RAM 1TB 2TB SSD Office Study Laptops PC ",451263.42820478.53,65
460,Business Laptop Bag Case Shoulder Tote Bag Notebook Bag Briefcase For 13 15 17 Inch Macbook Air Pro HP Huawei Asus Dell ,25247.2457377.77,"2,000+"
461,Embroidery Pattern Cute Shockproof Laptop Sleeve Case Bag 11 13 14 Inch For Macbookpad Laptop And Tablet Pouch ,16522.1316522.13,21
462,Portable Laptop Bags 6-15.6Inch Laptop Sleeve Bag Soft Notebook Case for Macbook Dell Pouch Skin Cover Travel Business Briefcase ,7603.5814621.21,346
463,Soft Laptop Bag For Xiaomi Hp Dell Lenovo Notebook Computer For Macbook Air Pro Retina 11 12 13 14 15 15.6 Sleeve Case Cover ,7523.4715675.01,"10,000+"
464,PU Leather Case for Macbook Air Pro 13/14/15 inch Laptop Sleeve Bag with Stand Notebook Handbag Briefcase with Mouse Pad ,8834.75,55
465,"Soft Protective Laptop Sleeve Pouch Case 11"" 13"" 14"" 15"" 15.6 Laptop Notebook Tablet Sleeve Cover Bag For Macbook Air HP Dell ",8212.716103.48,83
466,For New  Samsung NP550XDA 551XDA Laptop LCD Back Cover/Front Bezel/Upper Cover/Bottom Cover ,64853.9783146.12,21
467,For Macbook 2024 A3114 Air 13 A2337 A2338 M1 Chip Pro 13 2022 M2 A2442 Air 13.6 15 A2941 Pro 14 16 Protective Case Transparent ,19538.07,47
468,"laptop bag 12.9"" 13"" 13.3"" Tablet Sleeve 9"" 10"" 11"" for iPad Air Pro XiaoMi Pad 5 For Samsung Huawei Lenovo Shockproof Pouch Bag ",11817.9112489.94,24
469,HAWEEL 11 13 15 16 inch Soft Laptop Notebook Case Tablet Sleeve Cover Bag for Macbook Air Pro Pouch Skin Cover for HP Dell ,5884.37,92
470,New For Lenovo YOGA 510-14 510-14ISK 510-14AST Flex 4-1470 Flex 4-1480 Laptop LCD Back Cover/Palmrest/98New Bottom Base Case ,22914.98,29
471,WiWU New Laptop Messenger Bag for MacBook Air 13.6 15.3 2023 14 16 inch Waterproof Notebook Bag MateBook X Pro Laptop Bag 15.6 ,38059.938059.9,25
472,Sanrio Kuromi Cute Cartoon Laptop Tablet Inner Case Bag For Ipad Pro 11 12.9 Air3 4 Sleeve Pouch For Macbook Ipad 10.2 10.9 Inch ,19723.47,20
473,BAGSMART 17.3/15.6 Inch Laptop Bag Briefcase Computer Messenger Bag For Macbook Air Pro Office Business Travel HandBag Sleeve ,46960.2148582.92,28
474,Oyixinger 2024 Women's Bag Professional Business Women Shoulder Bag Leather Briefcase For 14-inch Laptops Fashion Solid Handbags ,70238.7875322.51,29
475,Laptop Handbag 13 Inch 14 Inch 15 Inch Computer Handbag Multifunctional Lightweight Portable Computer Bag ,12291.2725082.8,46
476,Cute Laptop Bag 13.3 14 15 15.6 Inch Waterproof Shockproof Notebook Case For Macbook Air Pro 13.6 16Dell Xiaomi Huawei Handbag ,19899.4819899.48,98
477,Laptop Case for Macbook Air 13.6 M2 A2681 White Crocodile Leather Plastic Hard Cover for Macbook Air 13 2337 A1932 2179 Pro 13 ,26455.0726455.07,26
478,360 Protective Laptop Sleeve Case for Macbook Pro 13 14 15 16 inch HP Dell Acer Lenovo Notebook Briefcase for Mac Air15 A2941 ,42190.4374005.36,23
479,Laptop Case for Huawei MateBook D15/D14/13/14/MagicBook 14/15/Pro 16.1/MateBook X Pro/X 2020 +Keyboard Cover+Screen Protector ,17636.7218112.06,34
480,Shockproof Waterproof Laptop Bag 13 14 15 15.6 17 17.3 Inch Laptop Case Messenger Notebook Bag For Macbook Pro Air hp xiaomi ,60509.07110016.91,61
481,Adhesive Laptop Back Storage Bag Mouse Bag Large Stretch Fabric Tablet Black Storage Mouse Bag Digital Hard Drive Pen Organizer ,3124.353124.35,89
482,Laptop Bag Computer Laptop Sleeve 11 13 Inch Office Notebook Sleeve Handbag Waterproof For Xiaomi Hp Dell Lenovo ,19800.3320832.96,54
483,"Shockproof Laptop Sleeve Case for ASUS VivoBook F510UA 15.6""Chromebook 14 11.6 ZenBook 13 Flip 12.5 Notebook Handbag Briefcase ",19652.81,43
484,2 Sets New Notebook Pc Lock Security Security China Cable Chain With Key Notebook Pc Laptop Cable Chain With 2 Key Brand New ,8479.058479.05,47
485,"Waterproof Brand Laptop Bag 11,12,13,14,15.6 Inch,Leopard Lady Man Sleeve Case For Macbook Air M1 Pro PC Notebook DropShip CA41 ",22422.89,31
486,Laptop Bag For Macbook Air Pro 13 16 Redmi Lenovo 13.3 14 15.6 17.3 Inch Case Portable Shockproof Shoulder Bag Handbag Briefcase ,28733.4363859.34,209
487,"Customized DIY Laptop Sleeve Notebook Case For 12 13.3 14""15.6 17 inch Zipper laptop case for Samsung iPad Asus Acer Lenovo ",21554.17,52
488,Soft Laptop Bag 13 14 15.6 Inch Notebook Computer Tablet PC Sleeve Case Cover Waterproof Laptop Bag ,6785.876785.87,30
489,Laptop Bag 13 14 15.6 Inch for Women Shoulder Handbag for Macbook Air Pro 13.3 14.2 15 16 M3 Huawei Matebook Dell ASUS HP Lenovo ,28831.7730192.22,60
490,Laptop Sleeve Bag 13 14 15 15.6 inch PC Cover For MacBook Air Pro Retina Xiaomi Lenovo Asus HP Dell Acer Notebook Computer Case ,15313.7129450.87,134
491,Laptop Sleeve Bag Case 12 13.3 15.6 14 inch Shoulder Notebook bag For Macbook Air Pro M1 M2 Lenovo Dell Huawei handbag Briefcase ,23881.6943436.15,49
492,Laptop Bag 13/13.3/13.6/14/15/15.6 Inch Sleeve Case For Macbook Air Pro Computer Asus HP  Dell Ipad Pro10.2/10.5/10.9/11 Handbag ,13389.0814167.27,75
493,For 2023 Huawei Matebook D 14 MDF-X Case for huawei matebook 2023 d 14 cases For D14 mdf-w 2024 The Latest Newest Laptop Cover ,20603.4921504.99,32
494,Laptop Bag for Macbook Air M2 Case 12 13.3 14 15inch Inner Bladder For Macbook Pro Air M1 Lenovo Dell HP Huawei Xiaomi Denim Bag ,14653.5515145.28,67
495,for CHUWI MiniBook X Laptop Bag Smooth Matte PU Leather Magnet Flip Sleeve Charger Pouch Foldable Mousepad Notebook Briefcase ,23996.4337502.61,53
496,Laptop Sleeve Bag for Macbook Air Pro 13 13.3 14 15.4 15.6 Inch Notebook Pouch for Lenovo Asus HP Dell Portable Bag Cover Case ,10490.2410998.36,310
497,ThundeRobot Black Warrior Pro Backpack 17.3 inch Laptop Backpack Partition Storage Anti-thief Large Capacity Business Male Bag ,70464.91102115.93,73
498,For HUAWEI MateBook D15 Boh-WAQ9L BohL-WFP9 BoB-WAH9 BoB-WAE9P Boh-WAQ9R Laptop LCD Back Cover/Front Bezel/Palmrest/Bottom Case ,66563.85102394.58,37
499,Laptop Bag 13 14 15.6 Inch Notebook Case for Macbook Case HP Dell Acer Shockproof Computer Briefcase Women Laptop Sleeve Men Bag ,30044.731306.81,49
500,Laptop Bag 13.3 14 15 6 16 17 inch for MacBook Pro Air 13 M1 M2 M3 Dell Lenovo HP Asus Men's Women Briefcase Sleeve Cover Case ,36551.9337502.61,58
501,Laptop Bag For 2022 2021 Huawei Matebook 16 D14 D15 14S 13S PU Leather Liner Sleeve For Honor MagicBook 14 15 16 X14 X15 Case ,11998.2111998.21,97
502,Laptop Bag Case For Macbook Air Pro 13 14 15.6 Xiaomi Lenovo Asus Dell HP Notebook Sleeve 13.3 Inch Protective Case Black Grey ,9818.2120974.13,"2,000+"
503,BAGSMART Laptop Handbag Sleeve Case 13.3/14/15.6‘’ Computer Shoulder Bag for Women Notebook Briefcases for Macbook Air Pro 13 14 ,32339.4468809.42,52
504,QINNXER Laptop Shoulder Case Business Large Capacity Crossbody Briefcase 15.6inch Thickened Shockproof Inner Tank Necessaire Bag ,42694.0388945.51,54
505,"Laptop Double handbag Case for Macbook 13.3"" 14"" 15"" 15.6"" 16"" Waterproof Notebook bag for HP DELL Lenovo ASUS Huawei Samsung ",19318.1619318.16,20
506,2024 Portable 2 in 1 Laptop Computer Intel N4020 11.6 Inch Touch Screen Notebook 8GB DDR4 512GB SSD Windows 11 Pro PC Computer ,380901.89,37
507,LCD Screen For GARMIN FORERUNNER 735 XT 735XT LCD Display Screen Digitizer GPS Multifunctional Running Sports  Repair Part ,21291.91,128
508,Mini PU Leather Pouch Chargers Storage Bags For Travel USB Data Cable Mouse Organizer Electronic Gadget Bags ,5236.5811140.19,21
509,"DOMISO 10"",13"",14"",156"",17"" Inch Multi-Functional Laptop Sleeve Business Briefcase Waterproof Messenger Shoulder Bag ",43977.0543977.05,51
510,Hard Shell for 2024 2022 MacBook Pro Air M2 Case A2779 A2681 A2780 M1 A2338 11 12 13 14 15 16 inch 2021 A2337 Mac Laptop Cover ,19849.520324.84,33
511,Easy Super Slim 15.6 16 Inch Laptop Bag Case Sleeve For M1 M2 MacBook Pro16 Thinkpad HP X360 15 Dell Vostro ,11682.1524855.83,"1,000+"
512,"2021 New ultra-thin sleeve pouch cover,Tyvek Paper Keyboard sleeve case for Logitech K380 Magic Keyboard with Numeric Keypad ",8769.1910277.16,113
513,"DXT NEW  Laptop Battery A1582 For Apple MacPlePro 13"" Retina A1502 2013 2014 2015 020-00010 year ",51138.34,67
514,Waterproof Laptop Keyboard protective film 14-15 Inch keyboard cover 15.6 17 10 notebook Keyboard cover dustproof film silicone ,3186.886130.58,443
515,NEW Laptop Case for DELL 15 G3 3500 3590 Notebook LCD Back Cover Case/Front Frame/Hinges/Palmrest/Bottom Case Laptop Accessories ,34371.92,46
516,New Original For ASUS ZenBook 14 UX425 UM425 UX425J UX425JA U4700J Laptop LCD Back Cover Front Bezel Palmrest Hinges Bottom Case ,41272.5441272.54,44
517,"Laptop Inner Bag 11/13/14/15/16/17 Inch Computer Bag Protective Cover, Front Pocket Can Hold Power, Multifunctional Laptop Bag ",7523.4716309.61,"1,000+"
518,MFKVP Laptop Battery For Dell Precision 7510 7520 7710 7720 M7710 M7510 T05W1 1G9VM GR5D3 0FNY7 M28DH ,49137.27,68
519,"Shockproof Messenger Laptop Bag 14,15,16 Inch,Handbag Briefcase Man Lady Shoulder Case For Macbook Notebook Tablet PC Bag, ",34377.134377.1,36
520,NV140FHM-N48 NV140FHM-N3K N4K N3B N4H N44 N45 B140HAN04.0 B140HAN04.5 N140HCA-EAC ,86872.386872.3,22
521,Laptop Sleeve 13 14 15 15.6 inch Briefcase Cover For MacBook Air Pro Xiaomi Huawei ASUS Notebook Case Men Women Portable Handbag ,31956.83,34
522,For BMW Motorrad Navigator VI LCD Screen Display And Touch Screen With Frame For BMW Motorrad Navigator 6 (New Version) ,98329.61,72
523,Back Cover Case For GARMIN Forerunner 645 Forerunner 645 Music 645M Rear Cover Case Sports Smart  Parts Replacement ,40961.11,15
524,Soft Sleeve Laptop Bag For Macbook Air Pro Retina 11 12 13 14 15 inch Notebook Tablet Case Cover For HP Dell Macbook With Gift ,8851.149277.31,99
525,LCD Display Screen For Garmin Forerunner 30 Forerunner 35 LCD Display Screen Forerunner 30 35 Panel Parts Repair Replacement ,24570.11,33
526,Laptop Case for Macbook Air 13 A2337 2020 A2338 M1 Chip Pro 13 2022 M2 Air 13.6 M2 for Macbook Pro 14 case 2021 2023 M3 Pro 16 ,16259.8716849.95,"10,000+"
527,Laptop Case For  Lenovo Yoga 7 14ARB7 14IAL7 14ARP8 14IRL8 Laptop SleeveDetachable Notebook PC Cover Bag Protective Skin ,50258.2471797.49,23
528,DXT New Laptop Battery AP19B5L For Acer Aspire A515-44-R5XW A515-43 Sf314-42 SP314-21N-R5FR A515-44-R5XW Vero AV15-51 ,39576.62,16
529,Handbag Laptop Bag 13 14 15 15.6 Inch For MacBook Air ASUS laptop bag Case Cover Notebook Accessory Women Men Briefcase ,38846.67,147
530,Brand New For MacBook Pro 15.4'' A1398 LCD Display Full Assembly Replacement 2880*1800 A1398 LCD screen 2013 2014 2015Year ,305857.3,116
531,DXT New Laptop Battery C41N1904 For ASUS ZenBook 14 UX425UA UM425IA UX425EA UX425JA BX325JA UX325EA UX325JA UX363EA ,46246.85,19
532,UTL-3285131-2S U2985131P-2S1P U3285131PV-2S U3285131P-2S U3285131P-2S1P U3485131PY-2S1P Laptop Battery For ATVIO W1415A Tablet ,52942.93,21
533,L16C4PB3  Laptop Battery For Lenovo IdeaPad 720S-13ARR 720S-13IKB ,44023.44,9
534,Original For Garmin edge 810 800 edge810 touch lcd screen glass GPS Bike Computer digitizer panel Repair replacement parts ,24570.11,21
535,New Laptop Case For Dell G3 15 3590 P89F Back Cover LCD Front Bezel Hinge Palmrest Bottom Case Gaming Lid Keyboard 03HKFN 0YGCNV ,39518.7141387.28,48
536,"N140JCN-GS9 Fit R140NW4D R0 14.0"" FHD 1920x1200 Laptop LCD Touch Screen IPS Display Panel EDP 40Pins 5M11C53215 ",95887.35,
537,WiWU Laptop Tote Bag for MacBook Air 13.6 M3 Pro 14 Large Capacity Computer Bag for MacBook Air 15.3 Waterproof Laptop Bag Women ,44714.65,20
538,"New 2020 New A2337 LCD Display Assembly for Macbook Air Retina 13.3"" M1 A2337 Full Complete Screen EMC 3598 MGN63 MGN73 ",208247.66,77
539,Laptop Cases for MacBook Air 15 Case M2 2023 Touch ID pasta macbook Air 15.3 inch 2024 M3 A2941 A3114 Funda shell ,19614.6136324.9,470
540,New For Lenovo IdeaPad 3 15ITL6 15ADA6 15ALC6 2021Laptop LCD Back Cover/Front Bezel/keyboard/Palmrest/Hinges/Bottom Case ,48261.8169944.65,76
541,NEW LCD LVDS Video Cable For Asus K56VM A56C K56 K56C K56CM K56CA S56C 14005-00600100 14005-00600100 ,9120.6,1
542,14.0'' B140HAN07.6 Laptop LCD Screen Display Panel Matrix Replacement ,144160.09,
543,"15.6"" SLIM 1080P IPS NV156FHM-N45 FIT NV156FHM-N4Q NE156FHM-NS0 LP156WFC SPD1 LP156WFH SPD1 N156HCA-EAB LM156LF5L04 B156HAN02.7 ",91691.2591691.25,6
544,Laptops Matte Case for MacBook Pro 16.2 A2485 M1 Chip Retina 12 11 touch bar For Macbook Pro 15 16 Case A2141 A1398 A1707 A1286 ,25022.5845341.27,496
545,Laptop Bag Sleeve For Macbook Air M1 Mac Book Pro M2 M3 Lenovo iPad 13 14 15 15.6 16 Inch Notebook Case Cover Tablet Accessories ,15329.9229480.97,3000+
546,14.0'' B140HAN07.7 Laptop LCD Screen Display Panel Matrix Replacement ,144160.09,
547,16.0inch N160JCE ELL Rev.C3 Matrix Display Panel Laptop LCD Replacement Screen FHD 1920*1200 30pins ,88009.82,
548,15.3'' B153UAN01.H NV153WUM-N61 Laptop LCD Screen Display Panel Matrix Replacement 1920x1200 EDP 30 Pins ,137295.33,
549,14.0'' MNE007QS3-3 Laptop LCD Screen Display Panel Matrix Replacement 1920*1200 ,144160.09,
550,14''Laptop Lcd Screen 1600*900 LVDS 40pins B140RTN02.1 B140RW02 V.0 v.1 LP140WD2-TLD2 N140FGE-LA2 LP140WD2-TLC1 ,49173,
551,DTCTF 11.1V 44.40WH 4000mAh Model LBG522QH battery For LG XNote Ultrabook Z350 Z350-GE30KB Z360 Z360-GH60K Series laptop ,50953.06,12
552,New for Dell XPS 15 9575 speaker precision 5530  07rrx5 laptop speaker set L R ,31340.76,
553,13.3 INCH LAPTOP LCD SCREEN B133HAN02.1 B133HAN02.7 1920*1080 FOR ASUS UX305 UX305FA UX305CA UX305LA UX360UA UX360CA ,62285.8,
554,Casio Electric Piano Rubber Hammer Cap For Casio PX120 150 160 330 350 860 AP 200 250 450 400 700 CDP100 CDP200 ,1426.02,1
555,NEW Laptop Case for HP 15-DW 15S-DU DY DR 250 255 G8 TPN-C139 LCD Back Cover Front Bezel Palmrest Bottom Case Top Upper Housing ,51320.2264154.37,160
556,Laptop Case for Huawei MateBook D15/D14/13/14/MateBook X Pro /X 2020/MagicBook Pro 16.1/14/15/x14/x15 Protective Sleeve ,16095.9616423.78,59
557,"Brand New Laptop Full LCD Screen Display For Macbook Retina A1534 12"" Glass Panel Assembly Replacement 2015 2016 2017 Year ",236931.71,50
558,For Lenovo Yoga 520 14ikb Display 520-14IKB 520-14 Flex 5-14 1470 LCD Screen Touch Digitizer Panel Assembly With Frame HD /FHD ,113486.35,5
559,Notebook Parts For Dell G15 5510 5511 5515 5520 5525 Front Bezel Palmrest Bottom Case Hinges Back Cover ,61046.3988473.03,16
560,"13.3inch  NV133WUM-N63 LCD 13.3"" 1920x1200 WUXGA Screen Schermo ",94412.16,
561,Laptop Case For New MacBook Pro 14 Case 2023 For MacBook M3 M2 M1 Chip Pro 16 Funda 2022 2020 Air 13 13.6 15 Cover accessories ,15983.0531968.41,3000+
562,FOR Dell Inspiron 5770 EDP LCD Display Screen Cable 0GK0Y0 GK0Y0 ,12092.08,
563,NEW Laptop Case For Acer Aspire 3 A315-42 42G A315-54 A315-54K A315 N19C1 15.6'' LCD Back Cove Screen Shell Rear Lid Top Housing ,30978.9931896.89,93
564,"NV140FHM-T0A 40-pin, Folding Back, Touch LCD Screen ",74113.54,
565,B116AW02 V.0 LP116WSA-TLA1 N116L6-L02 LED LCD Screen 1024*600 Display matrix ,57532.41,
566,Replacement Part For GARMIN Forerunner 645 645Music 645M Forerunner645 Back Cover Without Sensor Back Case Repair ,40961.11,5
567,Laptop Parts LCD Screen For Macbook Air Retina 13.3inch A2337 M1 2020 Year Display Replacement EMC 3598 Glass Pane ,225858.69645313.51,79
568,1pcs For Casio PX120 150 160 330 350 860 800 AP 200 250 450 400 700 CDP100 CDP200 Casio PX7WE Electric Piano Rubber Hammer Cap ,1622.71,
569,Conductive Rubber For M-Audio Keystation Pro 88 Conductive Keyboard Contacts D-pad 12 Keys 13 Keys Replacement ,16374.61,
570,For MICRO SEIKI MB-12 MB-14 MB-16 MB-18 Turntable Belt Replacement ,14571.6,
571,For MAGNAVOX BB1846 WA01 EC8010 EC9015 EC9360BK01 Turntable Belt Replacement ,14571.6,
572,"15.6"" IPS FHD N156HGA-EA3 NV156FHM-N45 N35 N48 NS0 N3D N156HCA-EAA TV156FHM-NH1 LM156LFCL LP156WFC LCD Display Screen 30pins ",57901.2,2
573,For ROLAND FD-6 FD-7 FD-8 TD-1 Hi Hat SENSOR ACTUATOR Pedal Rubber Parts Replacement Repair ,13896.29,
574,New Original Lower Shell Bottom Case Base Cover Housing For HP 14-AC AF 14T-AC 14Z-AF 14Q-AJ Laptop 813500-001 ,35912.6840813.59,1
575,14'' B140XW01 LTN140AT26 LP140WH4-TL LP140WH1 LTN140AT16 N140BGE-L21 LTN140AT07 HB140WX1 N140BGE-L22 Laptop Lcd Screen Display ,29503.8,2
576,OriginalB133HAN05.C for Asus Zenbook 13 UX333 UX333F UX333FN UX333FA UX333FAC UX333FLC Laptop Lcd Screen Display Matrix ,98346,15
577,Used LS-K321P NBX0002MB00 USB Board with Cable for LENOVO Air 14ITL 2021 5-14ITL05 82FE (CF49) ,35500.38,
578,For Toshiba SR230 SR305 SRA102 SRA270 Turntable Belt Replacement ,15555.06,
579,1PCS Conductive Rubber Contact Pad Button D-Pad for YAMAHA PSR E313 323 333 E213 E413 ,3261.81,
580,For PIONEER	PL-L90 PL-X340 PL-S30 Turntable Belt Replacement ,14571.6,
581,For HARMAN KARDON T-55C T-145 T-20 T-40 T-60 T-60C Turntable Belt Replacement ,14571.6,
582,"Original NEW 15.6"" LCD Display Laptop Matrix HD EDP 30 Pins B156XTN08.1 NT156WHM-N34 N44 N34 N43 B156XTN08.0 N156BGA-EA3 Matte ",78676.8,
583,For Keyin Korg PA50 PA50SD Conductive Rubber Contact Button D-Pad Part Replacement ,4310.83,
584,New for lenovo Pro 14 IAH5R 2022 model oga 14s IAH5R C cover keyboard bezel ,102509.32,
585,HAWEEL Laptop Sleeve Case 11 13 15 16  inch For HP DELL Notebook bag Carrying Bag Macbook Air Pro 13.3 Shockproof Case ,9588.749932.95,"1,000+"
586,15.6 inch  LCD Screen Replacement for Laptop Matrix display For Toshiba Satellite C50 C850D C855D C650 C660 C660D L650 notebook ,40977.5,3
587,Original 13.3 Inch LCD Laptop Screen Display Replacement Panel R133NWF4 R5 FHD 1920x1080 40PINS On-Cell Touch 71% NTSC ,114720.61,
588,For PANASONIC TECHNICS SG-V03 SG-V05 SG-V11 Turntable Belt Replacement ,14571.6,
589,For TECHNICS PANASONIC SL-23 SL-235 SL-303 SE-P44 SL-B100 SL-B31 Turntable Belt Replacement ,14571.6,
590,For Craig 5101 5102 5102-026 8403	 Turntable Belt Replacement ,14571.6,
591,13 Keys Conductive Rubber For Roland Korg PA80 Contact Pad Button D-Pad Conductive Rubber Strip ,5753.24,4
592,B140HAK01.0 NV140FHM T00 R140NWF5 R1 R6 Touch LCD Screen For Lenovo ThinkPad T470P T470S T470 T480 T480S A485 20L5 20L6 Dispay ,88009.82,13
593,14.0 Inch Laptop LCD Screen NV140WUM-N41 1920x1200 Non-Touch Matrix Display Panel 30pins eDP ,57901.2,
594,"Brand New A2337 A2338 Display EMC 3598 3578 8162 For Macbook Air Pro 13.3"" 2020 2022 M1 M2 Laptop LCD Full Screen Assembly ",256666.76,164
595,nt156fhm-n41 NT156FHM N42 N31 B156HTN03.6 N156HGE-EA1 B156HTN03.4 B156HTN03.5 B156HTN03.8 1920x1080 30 PIN Laptop Lcd Screen ,72218.7572218.75,19
596,"LPPLY A1706 Display Laptop For Macbook Pro Retina 13""  A1706 LCD Screen Display Panel Free Shipping ",132767.1,
597,New for Lenovo IdeaPad Gaming 3-15IHU6 ACH6 Laptop C-Cover with keyboard Arabic TUR ENG RGB ,153639.68,
598,For THORENS TD-110 TD-115 TD-115BZW TD-126 Turntable Belt Replacement ,14571.6,
599,For PIONEER	PL-X300 PL-600 PL-203 PL-203AZ PL-222AZ Turntable Belt Replacement ,14571.6,
600,For REALISTIC LAB-1200 LAB-1500 R-8000 LAB-30 Turntable Belt Replacement ,14571.6,
601,G133HAN02.1 13.3'' NEW Original Display Replacement Panel Matrix Laptop LCD screen ,114737,
602,B140HAN01.1 B140HAN01.2 B140HAN01.3 B140HAN01.4 LP140WF1 SPB1 1920*100 30pin For Lenovo Y40 E440 T450 T440P T440S LCD ,81135.45,3
603,B145QAN01.H IPS 14.5'' 2560x1600 NEW Original Display Replacement Panel Matrix Laptop LCD screen ,147519,
604,"MNF601CA1-1 MNF601CA1 15.6"" Replacement Display Panel Matrix Laptop LCD screen QHD 2560×1440 40pins 60HZ ",132111.46,
605,"661-6594 661-5868 Full LCD Screen Assembly Display  For MacBook Pro 13"" A1278 2011 2012 MC724/700 MD101/102 MD313/314 ",46205.16,53
606,DXT NEW Laptop Battery 505979-3S1P-1 for Chuwi for CoreBook X 14 CWI529 11.55v 4000mAh ,68703.24,18
607,"15.6"" Laptop Matrix For ASUS X550JX LCD Screen 30 Pins Panel replacement ",78185.07,
608,For HITACHI HT-20S HT-21 HT-320 Turntable Belt Replacement ,14571.6,
609,For Micro Seiki MB-14 BL-41 MB-12 MB16 MB18 Turntable Belt Replacement ,14735.51,
610,For KLH TT-101 CALIBRE 330 CONCORD BO-1000 Turntable Belt Replacement ,14571.6,
611,NLB150XG01L-01 15 inch original industrial LCD screen 1024x768 ,127849.8,
612,"NV156FHM-NX2 fit B156HAN13.1 B156HAN13.0 N156HRA-GAA NV156FHM-NX1 EDP 40PIN 15.6"" Slim LED Matrix 120HZ 1920×1080 ",108836.24,
613,"B125XTN01.0 fit 12.5""1366X768 HB125WX1-200 LP125WH2-TPH1 Display Laptop LED LCD ",65347.3,
614,LP156WFC(SP)(H1) 30PINS  60HZ   1920*1080  Laptop LED Screen Panel ,76429.58,1
615,LP133X7 N2C2 fit TM133XG-07 Laptop LCD LED Display Screen NEW UB133X01-2 LP133X7 XF1024X768 20 PIN ,64664.06,
616,17.3'' Laptop LCD LED Screen B173RTN01.1 B173RTN01 1 B173RTNO1.1 LED Display HD+ eDP 1600x900 Replacement ,111130.98,
617,LCD Video Display Cable For IBM Lenovo Thinkpad X1 Carbon Gen 2 50.4LY01.001 04X5596 30P Year 2014 ,10811.31,
